date,product,category,branch,units_sold,unit_price
2026-06-14,GEL PEN PACK,Stationery,Model Town Campus,5,78.63
2026-06-07,Energy Drink,Beverages,Gulberg Campus,5,159.73
2026-06-30,Highlighter Set,Stationery,DHA Campus,3,235.44
2026-06-24,Chicken Patty,Snacks,Model Town Campus,9,
2026-06-18,Earphones Basic,Electronics,Gulberg Campus,1,355.41
2026-06-30,Chicken Patty,Snacks,Model Town Campus,7,57.29
2026-06-17,Energy Drink,Beverages,DHA Campus,7,152.71
2026-06-23,Gel Pen Pack,Stationery,Gulberg Campus,8,80.41
2026-06-03,Energy Drink,Beverages,Gulberg Campus,10,143.0
2026-06-21,Gel Pen Pack,Stationery,Model Town Campus,1,84.85
2026-06-04,USB Flash Drive 32GB,Electronics,Model Town Campus,10,949.55
2026-06-27,Notebook A4,Stationery,Model Town Campus,3,160.99
2026-06-26,Highlighter Set,Stationery,DHA Campus,8,229.66
2026-06-14,Energy Drink,Beverages,Gulberg Campus,4,151.54
2026-06-15,Chicken Patty,Snacks,Model Town Campus,6,64.41
2026-06-14,Cold Coffee,Beverages,Model Town Campus,5,
2026-06-21,Cold Coffee,Beverages,Gulberg Campus,5,117.15
2026-06-19,cold coffee ,Beverages,Model Town Campus,10,122.8
2026-06-20,USB Flash Drive 32GB,Electronics,Gulberg Campus,6,897.75
2026-06-16,Chicken Patty,Snacks,DHA Campus,6,64.55
2026-06-13,Chicken Patty,Snacks,Model Town Campus,1,64.39
2026-06-28,USB Flash Drive 32GB,Electronics,Model Town Campus,5,925.57
2026-06-21,Energy Drink,Beverages,DHA Campus,11,154.08
2026-06-29,Notebook A4,Stationery,Gulberg Campus,8,160.77
2026-06-06,Potato Chips,Snacks,DHA Campus,8,50.01
2026-06-29,Samosa,Snacks,Gulberg Campus,9,
2026-06-25,Earphones Basic,Electronics,Model Town Campus,7,376.89
2026-06-22,Samosa,Snacks,Model Town Campus,7,40.98
2026-06-18,Gel Pen Pack,Stationery,DHA Campus,3,77.92
2026-06-29,Mineral Water 500ml,Beverages,DHA Campus,2,43.37
2026-06-26,Chicken Patty,Snacks,Gulberg Campus,1,60.13
2026-06-04,gel pen pack,Stationery,Gulberg Campus,9,81.04
2026-06-29,Cold Coffee,Beverages,DHA Campus,5,127.06
2026-06-16,Potato Chips,Snacks,Model Town Campus,7,52.41
2026-06-10,Cold Coffee,Beverages,Gulberg Campus,1,
2026-06-05,Notebook A4,Stationery,Model Town Campus,11,149.71
2026-06-30,Cold Coffee,Beverages,Gulberg Campus,5,124.8
2026-06-15,Potato Chips,Snacks,Model Town Campus,7,53.12
2026-06-23,Highlighter Set,Stationery,DHA Campus,4,220.36
2026-06-10,Chicken Patty,Snacks,DHA Campus,8,62.14
2026-06-15,Cold Coffee,Beverages,Gulberg Campus,2,129.4
2026-06-27,cold coffee ,Beverages,Gulberg Campus,9,120.8
2026-06-16,Highlighter Set,Stationery,Gulberg Campus,2,233.37
2026-06-15,Samosa,Snacks,Model Town Campus,2,40.87
2026-06-29,Potato Chips,Snacks,Model Town Campus,11,49.81
2026-06-11,Mineral Water 500ml,Beverages,DHA Campus,1,46.59
2026-06-17,Cold  Coffee,Beverages,Gulberg Campus,8,116.81
2026-06-01,Mineral Water 500ml,Beverages,Gulberg Campus,3,44.99
2026-06-26,Energy Drink,Beverages,Gulberg Campus,8,144.44
2026-06-01,USB Flash Drive 32GB,Electronics,DHA Campus,3,
2026-06-06,Earphones Basic,Electronics,Model Town Campus,11,
2026-06-27,Mineral Water 500ml,Beverages,Gulberg Campus,2,42.83
2026-06-12,Notebook A4,Stationery,DHA Campus,9,157.35
2026-06-29,Chicken Patty,Snacks,Model Town Campus,1,62.63
2026-06-29,Cold Coffee,Beverages,Gulberg Campus,2,115.61
2026-06-19,Energy Drink,Beverages,DHA Campus,4,151.74
2026-06-12,Chicken Patty,Snacks,Model Town Campus,3,60.04
2026-06-03,Highlighter Set,Stationery,Gulberg Campus,7,210.16
2026-06-11,USB Flash Drive 32GB,Electronics,DHA Campus,11,957.66
2026-06-24,Samosa,Snacks,DHA Campus,8,40.63
2026-06-10,cold coffee ,Beverages,DHA Campus,9,124.74
2026-06-14,cold coffee ,Beverages,Model Town Campus,5,114.68
2026-06-03,USB Flash Drive 32GB,Electronics,Gulberg Campus,3,944.01
2026-06-30,Cold Coffee,Beverages,Model Town Campus,1,116.82
2026-06-11,Mineral Water 500ml,Beverages,Model Town Campus,2,42.98
2026-06-17,Notebook A4,Stationery,DHA Campus,2,148.91
2026-06-22,cold coffee ,Beverages,DHA Campus,7,115.82
2026-06-25,Mineral Water 500ml,Beverages,DHA Campus,2,46.63
2026-06-02,Highlighter Set,Stationery,Gulberg Campus,8,225.31
2026-06-19,Samosa,Snacks,Model Town Campus,9,41.83
2026-06-30,Samosa,Snacks,Gulberg Campus,5,41.95
2026-06-19,Samosa,Snacks,DHA Campus,2,
2026-06-12,Gel Pen Pack,Stationery,DHA Campus,1,77.05
2026-06-06,Potato Chips,Snacks,Model Town Campus,2,48.55
2026-06-22,USB Flash Drive 32GB,Electronics,Model Town Campus,9,957.63
2026-06-03,Cold Coffee,Beverages,Gulberg Campus,10,117.68
2026-06-06,Gel Pen Pack,Stationery,Gulberg Campus,10,78.68
2026-06-30,Energy Drink,Beverages,DHA Campus,11,161.76
2026-06-09,Highlighter Set,Stationery,Model Town Campus,7,216.17
2026-06-10,Potato Chips,Snacks,Model Town Campus,5,51.48
2026-06-19,USB Flash Drive 32GB,Electronics,Gulberg Campus,6,
2026-06-23,Samosa,Snacks,Model Town Campus,8,38.78
2026-06-08,Samosa,Snacks,DHA Campus,6,39.87
2026-06-15,Gel Pen Pack,Stationery,Gulberg Campus,1,84.09
2026-06-20,Cold Coffee,Beverages,Gulberg Campus,4,121.92
2026-06-26,Notebook A4,Stationery,DHA Campus,3,151.34
2026-06-08,Chicken Patty,Snacks,Model Town Campus,2,61.8
2026-06-23,Notebook A4,Stationery,DHA Campus,2,142.74
2026-06-30,Energy Drink,Beverages,Gulberg Campus,3,156.78
2026-06-08,Mineral Water 500ml,Beverages,DHA Campus,8,43.16
2026-06-03,Energy Drink,Beverages,Model Town Campus,7,151.77
2026-06-06,Energy Drink,Beverages,Model Town Campus,6,157.71
2026-06-18,Earphones Basic,Electronics,Gulberg Campus,10,373.19
2026-06-17,Earphones Basic,Electronics,DHA Campus,3,372.28
2026-06-12,Cold Coffee,Beverages,DHA Campus,4,126.89
2026-06-12,Samosa,Snacks,Gulberg Campus,7,41.9
2026-06-27,Mineral Water 500ml,Beverages,Gulberg Campus,8,48.51
2026-06-23,Earphones Basic,Electronics,DHA Campus,4,365.09
2026-06-18,Mineral Water 500ml,Beverages,Model Town Campus,10,47.2
2026-06-09,Samosa,Snacks,DHA Campus,7,41.49
2026-06-22,Mineral Water 500ml,Beverages,Gulberg Campus,1,45.04
2026-06-03,Highlighter Set,Stationery,Model Town Campus,8,228.05
2026-06-21,Mineral Water 500ml,Beverages,DHA Campus,9,47.2
2026-06-27,Notebook A4,Stationery,DHA Campus,10,158.59
2026-06-26,Cold Coffee,Beverages,DHA Campus,7,117.96
2026-06-21,Chicken Patty,Snacks,Model Town Campus,6,57.38
2026-06-13,Highlighter Set,Stationery,Model Town Campus,10,234.92
2026-06-05,Notebook A4,Stationery,Model Town Campus,2,152.85
2026-06-19,notebook a4 ,Stationery,Gulberg Campus,1,146.62
2026-06-02,Chicken Patty,Snacks,Model Town Campus,1,59.02
2026-06-16,Highlighter Set,Stationery,DHA Campus,6,232.78
2026-06-14,Cold Coffee,Beverages,DHA Campus,8,116.65
2026-06-09,Notebook A4,Stationery,Model Town Campus,6,152.97
2026-06-02,Notebook A4,Stationery,Model Town Campus,8,142.61
2026-06-15,Chicken Patty,Snacks,Model Town Campus,1,59.94
2026-06-15,Notebook A4,Stationery,DHA Campus,1,152.92
2026-06-20,Gel Pen Pack,Stationery,DHA Campus,9,83.47
2026-06-01,Potato Chips,Snacks,Gulberg Campus,10,50.91
2026-06-13,Mineral Water 500ml,Beverages,DHA Campus,1,47.9
2026-06-28,Mineral Water 500ml,Beverages,DHA Campus,9,45.64
2026-06-24,Earphones Basic,Electronics,Gulberg Campus,1,358.72
2026-06-02,Mineral Water 500ml,Beverages,Model Town Campus,5,45.02
2026-06-02,Samosa,Snacks,Gulberg Campus,8,38.18
2026-06-27,Chicken Patty,Snacks,Gulberg Campus,4,61.87
2026-06-23,Samosa,Snacks,DHA Campus,10,39.78
2026-06-02,Notebook A4,Stationery,Gulberg Campus,6,146.55
2026-06-22, Notebook A4,Stationery,Gulberg Campus,3,
2026-06-09,Samosa,Snacks,DHA Campus,4,38.69
2026-06-28,Notebook A4,Stationery,Model Town Campus,9,147.7
2026-06-13,Notebook A4,Stationery,DHA Campus,7,150.97
2026-06-24,Gel Pen Pack,Stationery,DHA Campus,4,77.3
2026-06-08,Mineral Water 500ml,Beverages,Model Town Campus,6,44.85
2026-06-14,Highlighter Set,Stationery,DHA Campus,8,226.74
2026-06-05,Energy Drink,Beverages,DHA Campus,11,158.42
2026-06-04,USB Flash Drive 32GB,Electronics,Model Town Campus,7,961.1
2026-06-24,Highlighter Set,Stationery,DHA Campus,5,235.38
2026-06-24,USB Flash Drive 32GB,Electronics,Model Town Campus,3,941.16
2026-06-09,Gel Pen Pack,Stationery,DHA Campus,3,80.84
2026-06-20,Notebook A4,Stationery,Gulberg Campus,5,146.15
2026-06-24,USB Flash Drive 32GB,Electronics,DHA Campus,11,907.75
2026-06-12,USB Flash Drive 32GB,Electronics,Model Town Campus,7,946.41
2026-06-10,cold coffee ,Beverages,DHA Campus,9,124.74
2026-06-19,Cold Coffee,Beverages,DHA Campus,9,127.89
2026-06-03,Potato Chips,Snacks,Gulberg Campus,3,52.51
2026-06-22,Energy Drink,Beverages,Gulberg Campus,8,146.97
2026-06-10,Cold Coffee,Beverages,Model Town Campus,10,121.82
2026-06-13,USB Flash Drive 32GB,Electronics,Model Town Campus,4,899.02
2026-06-14,USB Flash Drive 32GB,Electronics,DHA Campus,10,856.42
2026-06-13,Mineral Water 500ml,Beverages,DHA Campus,1,47.9
2026-06-23,Gel Pen Pack,Stationery,Gulberg Campus,4,80.75
2026-06-04,Chicken Patty,Snacks,DHA Campus,5,58.94
2026-06-12,Notebook A4,Stationery,Model Town Campus,10,151.11
2026-06-04,Mineral Water 500ml,Beverages,Gulberg Campus,1,43.45
2026-06-20,USB Flash Drive 32GB,Electronics,Model Town Campus,1,926.44
2026-06-13,Samosa,Snacks,Gulberg Campus,2,38.42
2026-06-05,Samosa,Snacks,Model Town Campus,1,38.78
2026-06-15,Energy Drink,Beverages,Model Town Campus,2,143.22
2026-06-03,USB Flash Drive 32GB,Electronics,DHA Campus,3,858.68
2026-06-17,Chicken Patty,Snacks,Model Town Campus,4,59.7
2026-06-15,Cold  Coffee,Beverages,Gulberg Campus,2,115.29
2026-06-11,Chicken Patty,Snacks,Model Town Campus,3,63.4
2026-06-04,Cold Coffee,Beverages,DHA Campus,1,117.56
2026-06-25,Potato Chips,Snacks,Gulberg Campus,9,48.47
2026-06-10,Potato Chips,Snacks,Gulberg Campus,5,50.09
2026-06-24,Gel Pen Pack,Stationery,DHA Campus,11,77.59
2026-06-12,Samosa,Snacks,DHA Campus,6,39.55
2026-06-07,Samosa,Snacks,DHA Campus,8,41.38
2026-06-17,Samosa,Snacks,DHA Campus,1,40.56
2026-06-30,Cold Coffee,Beverages,Model Town Campus,6,129.3
2026-06-17,USB Flash Drive 32GB,Electronics,DHA Campus,4,908.74
2026-06-24,Energy Drink,Beverages,Gulberg Campus,6,152.62
2026-06-26,Energy Drink,Beverages,Gulberg Campus,8,158.23
2026-06-27,Cold Coffee,Beverages,Gulberg Campus,8,124.9
2026-06-22,Mineral Water 500ml,Beverages,Model Town Campus,10,48.06
2026-06-07,Highlighter Set,Stationery,DHA Campus,4,
2026-06-07,Potato Chips,Snacks,DHA Campus,5,48.66
2026-06-16,GEL PEN PACK,Stationery,DHA Campus,10,
2026-06-27,Energy Drink,Beverages,Model Town Campus,1,
2026-06-16,Cold Coffee,Beverages,Model Town Campus,1,125.81
2026-06-08,Earphones Basic,Electronics,Gulberg Campus,2,357.83
2026-06-08,Energy Drink,Beverages,Gulberg Campus,1,145.16
2026-06-08,Cold Coffee,Beverages,DHA Campus,3,118.0
2026-06-29,Gel Pen Pack,Stationery,Model Town Campus,11,86.01
2026-06-24,USB Flash Drive 32GB,Electronics,Gulberg Campus,8,931.21
2026-06-09,Energy Drink,Beverages,DHA Campus,5,151.42
2026-06-22,Highlighter Set,Stationery,DHA Campus,3,226.85
2026-06-26,Energy Drink,Beverages,Model Town Campus,7,155.6
2026-06-25,Earphones Basic,Electronics,Model Town Campus,4,
2026-06-09,Energy Drink,Beverages,Model Town Campus,4,158.07
2026-06-27,Highlighter Set,Stationery,Gulberg Campus,3,225.67
2026-06-19,Cold Coffee,Beverages,Model Town Campus,2,115.36
2026-06-28,Notebook A4,Stationery,DHA Campus,6,158.68
2026-06-02,Energy Drink,Beverages,DHA Campus,9,161.24
2026-06-17,USB Flash Drive 32GB,Electronics,Model Town Campus,11,933.1
2026-06-14,Potato Chips,Snacks,DHA Campus,10,48.99
2026-06-01,Earphones Basic,Electronics,Model Town Campus,10,336.94
2026-06-06,Highlighter Set,Stationery,Gulberg Campus,3,219.65
2026-06-24,USB Flash Drive 32GB,Electronics,DHA Campus,11,907.75
2026-06-01,Earphones Basic,Electronics,Gulberg Campus,4,
2026-06-21,Potato Chips,Snacks,Gulberg Campus,11,50.58
2026-06-16,GEL PEN PACK,Stationery,DHA Campus,2,82.62
2026-06-29,USB Flash Drive 32GB,Electronics,DHA Campus,3,864.1
2026-06-11,Cold Coffee,Beverages,DHA Campus,3,129.45
2026-06-26,Highlighter Set,Stationery,Gulberg Campus,8,211.98
2026-06-27,gel pen pack,Stationery,DHA Campus,6,82.71
2026-06-01,Gel Pen Pack,Stationery,Model Town Campus,5,77.62
2026-06-30,Energy Drink,Beverages,Model Town Campus,5,151.73
2026-06-04,Energy Drink,Beverages,DHA Campus,7,148.15
2026-06-27,Energy Drink,Beverages,Model Town Campus,1,151.95
2026-06-20,Samosa,Snacks,DHA Campus,8,42.66
2026-06-01,gel pen pack,Stationery,Gulberg Campus,11,
2026-06-13,Chicken Patty,Snacks,Gulberg Campus,1,57.65
2026-06-17,Highlighter Set,Stationery,Gulberg Campus,11,225.58
2026-06-05,Energy Drink,Beverages,Gulberg Campus,9,150.37
2026-06-10,USB Flash Drive 32GB,Electronics,Gulberg Campus,10,928.23
2026-06-29,Potato Chips,Snacks,DHA Campus,10,47.7
2026-06-28,GEL PEN PACK,Stationery,Gulberg Campus,11,77.92
2026-06-17,Potato Chips,Snacks,Model Town Campus,11,47.99
2026-06-05,Energy Drink,Beverages,Model Town Campus,6,143.14
2026-06-18,Highlighter Set,Stationery,Model Town Campus,6,211.34
2026-06-02,Mineral Water 500ml,Beverages,DHA Campus,4,43.83
2026-06-20,Highlighter Set,Stationery,Gulberg Campus,1,224.15
2026-06-12,Energy Drink,Beverages,Gulberg Campus,5,147.15
2026-06-20,Notebook A4,Stationery,Model Town Campus,11,153.65
2026-06-26,Earphones Basic,Electronics,DHA Campus,3,335.49
2026-06-04,Earphones Basic,Electronics,DHA Campus,11,341.74
2026-06-25,Cold Coffee,Beverages,DHA Campus,11,114.51
2026-06-06,Chicken Patty,Snacks,Gulberg Campus,3,63.68
2026-06-22,Energy Drink,Beverages,Gulberg Campus,9,155.82
2026-06-08,USB Flash Drive 32GB,Electronics,Model Town Campus,10,949.7
2026-06-12,Samosa,Snacks,Model Town Campus,5,41.91
2026-06-01,Earphones Basic,Electronics,Model Town Campus,4,359.45
2026-06-10,USB Flash Drive 32GB,Electronics,DHA Campus,1,906.76
2026-06-13,Mineral Water 500ml,Beverages,Model Town Campus,5,44.11
2026-06-06,Notebook A4,Stationery,DHA Campus,9,155.44
2026-06-09,Chicken Patty,Snacks,Model Town Campus,3,61.97
2026-06-27,Chicken Patty,Snacks,Model Town Campus,9,
2026-06-27,Cold Coffee,Beverages,DHA Campus,5,119.33
2026-06-04,Samosa,Snacks,Gulberg Campus,6,42.58
2026-06-27,USB Flash Drive 32GB,Electronics,DHA Campus,1,956.61
2026-06-05,Gel Pen Pack,Stationery,Model Town Campus,1,83.57
2026-06-09,Cold Coffee,Beverages,DHA Campus,4,120.42
2026-06-06,Energy Drink,Beverages,Model Town Campus,2,158.84
2026-06-20,Energy Drink,Beverages,Gulberg Campus,4,159.09
2026-06-09,Potato Chips,Snacks,Model Town Campus,3,52.67
2026-06-15,Highlighter Set,Stationery,DHA Campus,5,225.74
2026-06-03,Highlighter Set,Stationery,DHA Campus,5,
2026-06-19,Earphones Basic,Electronics,DHA Campus,5,349.02
2026-06-25,Potato Chips,Snacks,DHA Campus,11,48.42
2026-06-17,Chicken Patty,Snacks,DHA Campus,2,61.84
2026-06-10,USB Flash Drive 32GB,Electronics,Model Town Campus,1,
2026-06-13,Chicken Patty,Snacks,Model Town Campus,9,61.62
2026-06-05,Cold Coffee,Beverages,DHA Campus,1,129.24
2026-06-29,Cold Coffee,Beverages,Gulberg Campus,5,121.55
2026-06-02,Earphones Basic,Electronics,DHA Campus,2,350.48
2026-06-27,Notebook A4,Stationery,Gulberg Campus,6,157.59
2026-06-27,USB Flash Drive 32GB,Electronics,Model Town Campus,3,924.06
2026-06-15,USB Flash Drive 32GB,Electronics,Model Town Campus,5,971.61
2026-06-21,Gel Pen Pack,Stationery,Model Town Campus,8,84.61
2026-06-16,Earphones Basic,Electronics,Model Town Campus,2,348.8
2026-06-05,Cold Coffee,Beverages,Model Town Campus,7,124.49
2026-06-04,Earphones Basic,Electronics,Gulberg Campus,4,373.11
2026-06-30,Energy Drink,Beverages,DHA Campus,2,152.69
2026-06-08,Earphones Basic,Electronics,Gulberg Campus,5,341.19
2026-06-06,Energy Drink,Beverages,Gulberg Campus,1,145.65
2026-06-10,USB Flash Drive 32GB,Electronics,Model Town Campus,4,927.05
2026-06-20,Energy Drink,Beverages,Gulberg Campus,4,159.09
2026-06-03,Energy Drink,Beverages,Gulberg Campus,7,159.08
2026-06-24,USB Flash Drive 32GB,Electronics,Model Town Campus,10,948.93
2026-06-07,GEL PEN PACK,Stationery,DHA Campus,1,
2026-06-24,Cold Coffee,Beverages,Gulberg Campus,6,119.4
2026-06-12,Mineral Water 500ml,Beverages,DHA Campus,9,44.14
2026-06-06,Potato Chips,Snacks,Gulberg Campus,4,53.61
2026-06-07,Earphones Basic,Electronics,Gulberg Campus,7,343.9
2026-06-29,Earphones Basic,Electronics,Gulberg Campus,7,356.22
2026-06-27,Earphones Basic,Electronics,DHA Campus,5,333.71
2026-06-10,Energy Drink,Beverages,Model Town Campus,1,161.12
2026-06-18,GEL PEN PACK,Stationery,DHA Campus,9,81.0
2026-06-30,Notebook A4,Stationery,Gulberg Campus,5,156.75
2026-06-29,Highlighter Set,Stationery,Model Town Campus,1,236.18
2026-06-06,Samosa,Snacks,Model Town Campus,4,40.75
2026-06-05,Highlighter Set,Stationery,Gulberg Campus,1,227.14
2026-06-18,Potato Chips,Snacks,Gulberg Campus,10,48.65
2026-06-18,Cold Coffee,Beverages,DHA Campus,1,115.32
2026-06-14,USB Flash Drive 32GB,Electronics,Model Town Campus,1,936.4
2026-06-21,Mineral Water 500ml,Beverages,Model Town Campus,3,
2026-06-12,Energy Drink,Beverages,Model Town Campus,9,153.3
2026-06-14,Notebook A4,Stationery,Model Town Campus,11,156.11
2026-06-20,Notebook A4,Stationery,Gulberg Campus,2,153.73
2026-06-14,Samosa,Snacks,Model Town Campus,2,38.86
2026-06-28,Earphones Basic,Electronics,DHA Campus,5,369.58
2026-06-13,Earphones Basic,Electronics,Model Town Campus,9,366.36
2026-06-10,Mineral Water 500ml,Beverages,DHA Campus,5,43.22
2026-06-13,Earphones Basic,Electronics,Gulberg Campus,8,335.81
2026-06-20,Energy Drink,Beverages,DHA Campus,3,158.85
2026-06-08,Chicken Patty,Snacks,Model Town Campus,6,62.43
2026-06-14,Cold  Coffee,Beverages,DHA Campus,7,114.71
2026-06-28,Mineral Water 500ml,Beverages,Gulberg Campus,10,45.22
2026-06-19,Highlighter Set,Stationery,DHA Campus,10,231.57
2026-06-11,Earphones Basic,Electronics,DHA Campus,5,366.65
2026-06-11,Samosa,Snacks,Gulberg Campus,1,40.38
2026-06-20,Mineral Water 500ml,Beverages,Model Town Campus,6,46.91
2026-06-01,Potato Chips,Snacks,Model Town Campus,3,53.09
2026-06-09,Energy Drink,Beverages,DHA Campus,6,143.51
2026-06-22,Mineral Water 500ml,Beverages,Gulberg Campus,6,47.15
2026-06-21,Gel Pen Pack,Stationery,Model Town Campus,10,81.71
2026-06-26,Gel Pen Pack,Stationery,Gulberg Campus,4,85.82
2026-06-02,Energy Drink,Beverages,DHA Campus,9,157.56
2026-06-27,Cold Coffee,Beverages,Model Town Campus,2,127.93
2026-06-11,Cold Coffee,Beverages,Model Town Campus,2,118.07
2026-06-16,Potato Chips,Snacks,DHA Campus,5,52.42
2026-06-23,Mineral Water 500ml,Beverages,Model Town Campus,10,
2026-06-04,Energy Drink,Beverages,Gulberg Campus,6,
2026-06-20,Cold Coffee,Beverages,DHA Campus,8,125.28
2026-06-06,Earphones Basic,Electronics,Model Town Campus,2,377.83
2026-06-17,Chicken Patty,Snacks,Gulberg Campus,11,58.08
2026-06-01,Gel Pen Pack,Stationery,Gulberg Campus,7,77.77
2026-06-05,Samosa,Snacks,DHA Campus,11,38.97
2026-06-05, Notebook A4,Stationery,Model Town Campus,2,154.85
2026-06-23,Mineral Water 500ml,Beverages,Gulberg Campus,11,44.77
2026-06-11,Potato Chips,Snacks,Model Town Campus,10,51.93
2026-06-06,Highlighter Set,Stationery,DHA Campus,10,237.09
2026-06-13,USB Flash Drive 32GB,Electronics,DHA Campus,2,959.35
2026-06-29,Earphones Basic,Electronics,DHA Campus,4,334.84
2026-06-13,Samosa,Snacks,Model Town Campus,3,42.04
2026-06-09,Cold  Coffee,Beverages,DHA Campus,6,117.9
2026-06-07,USB Flash Drive 32GB,Electronics,Gulberg Campus,9,966.51
2026-06-20,Potato Chips,Snacks,DHA Campus,6,51.28
2026-06-21,Energy Drink,Beverages,DHA Campus,3,145.7
2026-06-01,Cold Coffee,Beverages,Model Town Campus,9,129.06
2026-06-24,Energy Drink,Beverages,Gulberg Campus,9,159.34
2026-06-25,Earphones Basic,Electronics,Model Town Campus,1,334.16
2026-06-18,Chicken Patty,Snacks,Gulberg Campus,1,59.16
2026-06-14,Mineral Water 500ml,Beverages,Model Town Campus,5,48.45
2026-06-24,USB Flash Drive 32GB,Electronics,Model Town Campus,8,953.33
2026-06-28,Energy Drink,Beverages,DHA Campus,7,144.58
2026-06-16,Earphones Basic,Electronics,DHA Campus,6,360.59
2026-06-21,Samosa,Snacks,DHA Campus,8,42.21
2026-06-25,Potato Chips,Snacks,Gulberg Campus,8,53.34
2026-06-14,Cold Coffee,Beverages,Gulberg Campus,10,128.83
2026-06-02,Gel Pen Pack,Stationery,Gulberg Campus,8,79.71
2026-06-10,Cold Coffee,Beverages,Gulberg Campus,10,119.55
2026-06-10,cold coffee ,Beverages,Gulberg Campus,4,116.74
2026-06-11,Earphones Basic,Electronics,DHA Campus,7,337.88
2026-06-05,USB Flash Drive 32GB,Electronics,Model Town Campus,10,914.91
2026-06-30,Energy Drink,Beverages,Model Town Campus,8,146.99
2026-06-22,Chicken Patty,Snacks,Model Town Campus,3,62.19
2026-06-07,Samosa,Snacks,Gulberg Campus,1,40.82
2026-06-24,Notebook A4,Stationery,DHA Campus,5,154.27
2026-06-05,Mineral Water 500ml,Beverages,DHA Campus,8,42.97
2026-06-19,Earphones Basic,Electronics,DHA Campus,7,355.78
2026-06-04,Samosa,Snacks,Gulberg Campus,9,38.55
2026-06-13,Chicken Patty,Snacks,Model Town Campus,10,62.78
2026-06-07,Chicken Patty,Snacks,Gulberg Campus,6,64.64
2026-06-23,Highlighter Set,Stationery,DHA Campus,6,224.34
2026-06-23,Earphones Basic,Electronics,DHA Campus,4,
2026-06-30,Potato Chips,Snacks,Model Town Campus,7,
2026-06-19,Mineral Water 500ml,Beverages,Gulberg Campus,2,47.12
2026-06-25,Highlighter Set,Stationery,DHA Campus,6,233.61
2026-06-29,Notebook A4,Stationery,Gulberg Campus,8,153.54
2026-06-20,Energy Drink,Beverages,Gulberg Campus,6,161.51
2026-06-04,Potato Chips,Snacks,DHA Campus,9,52.82
2026-06-02,Samosa,Snacks,Model Town Campus,8,41.93
2026-06-24,Gel Pen Pack,Stationery,Model Town Campus,9,78.66
2026-06-26,Mineral Water 500ml,Beverages,Gulberg Campus,7,48.28
2026-06-25,Potato Chips,Snacks,Gulberg Campus,9,48.47
2026-06-07,Chicken Patty,Snacks,DHA Campus,3,63.96
2026-06-28,Cold Coffee,Beverages,Model Town Campus,10,128.26
2026-06-18,USB Flash Drive 32GB,Electronics,DHA Campus,5,919.2
2026-06-30,Energy Drink,Beverages,DHA Campus,2,157.03
2026-06-10,cold coffee ,Beverages,Gulberg Campus,7,
2026-06-22,Earphones Basic,Electronics,Model Town Campus,8,352.48
2026-06-29,USB Flash Drive 32GB,Electronics,Gulberg Campus,2,927.93
2026-06-08,Energy Drink,Beverages,Model Town Campus,1,143.97
2026-06-12,Cold Coffee,Beverages,Model Town Campus,9,127.22
2026-06-02,Chicken Patty,Snacks,Model Town Campus,1,59.02
2026-06-12,Cold Coffee,Beverages,DHA Campus,4,122.95
2026-06-26, Notebook A4,Stationery,DHA Campus,6,146.5
2026-06-05,Potato Chips,Snacks,Gulberg Campus,11,
2026-06-25,Mineral Water 500ml,Beverages,DHA Campus,8,46.13
2026-06-04,Notebook A4,Stationery,DHA Campus,6,152.46
2026-06-02,Gel Pen Pack,Stationery,DHA Campus,1,76.16
2026-06-16,Energy Drink,Beverages,DHA Campus,3,147.32
2026-06-09,Cold Coffee,Beverages,Model Town Campus,5,122.15
2026-06-19,Samosa,Snacks,DHA Campus,8,41.05
2026-06-01,Gel Pen Pack,Stationery,DHA Campus,9,79.03
2026-06-08,USB Flash Drive 32GB,Electronics,Model Town Campus,10,941.67
2026-06-26,Cold Coffee,Beverages,Gulberg Campus,8,114.42
2026-06-07,Mineral Water 500ml,Beverages,Model Town Campus,11,45.29
2026-06-28,Earphones Basic,Electronics,Gulberg Campus,6,338.73
2026-06-16,Cold  Coffee,Beverages,Gulberg Campus,8,114.35
2026-06-01,Highlighter Set,Stationery,Gulberg Campus,5,226.66
2026-06-29,Energy Drink,Beverages,Model Town Campus,2,150.23
2026-06-10,Mineral Water 500ml,Beverages,Model Town Campus,8,48.22
2026-06-12,Notebook A4,Stationery,Model Town Campus,10,161.5
2026-06-11,Samosa,Snacks,Gulberg Campus,4,40.17
2026-06-07,Energy Drink,Beverages,DHA Campus,5,152.3
2026-06-08,Earphones Basic,Electronics,Model Town Campus,11,345.94
2026-06-13,USB Flash Drive 32GB,Electronics,Gulberg Campus,8,898.79
2026-06-01,USB Flash Drive 32GB,Electronics,DHA Campus,2,939.47
2026-06-07,Earphones Basic,Electronics,Gulberg Campus,7,343.9
2026-06-16,Samosa,Snacks,Model Town Campus,3,39.43
2026-06-16,Cold Coffee,Beverages,Model Town Campus,11,117.32
2026-06-13,Samosa,Snacks,DHA Campus,3,41.03
2026-06-27,Highlighter Set,Stationery,DHA Campus,6,231.3
2026-06-24,Gel Pen Pack,Stationery,Model Town Campus,2,
2026-06-01,Notebook A4,Stationery,Gulberg Campus,6,142.52
2026-06-09,Samosa,Snacks,Model Town Campus,6,41.07
2026-06-02,USB Flash Drive 32GB,Electronics,Model Town Campus,2,945.69
2026-06-14,Highlighter Set,Stationery,DHA Campus,6,219.99
2026-06-17,Notebook A4,Stationery,DHA Campus,2,149.29
2026-06-04,Cold Coffee,Beverages,Gulberg Campus,7,127.98
2026-06-29,Energy Drink,Beverages,Gulberg Campus,11,154.17
2026-06-13,Samosa,Snacks,Model Town Campus,9,39.95
2026-06-26,Notebook A4,Stationery,DHA Campus,2,150.47
2026-06-09,Samosa,Snacks,Gulberg Campus,2,
2026-06-03,cold coffee ,Beverages,Gulberg Campus,3,121.37
2026-06-11,Energy Drink,Beverages,DHA Campus,5,149.29
2026-06-29,Chicken Patty,Snacks,Model Town Campus,9,58.92
2026-06-15,Samosa,Snacks,DHA Campus,6,42.31
2026-06-01,Chicken Patty,Snacks,Gulberg Campus,11,63.08
2026-06-18,Potato Chips,Snacks,Model Town Campus,11,53.49
2026-06-14,Potato Chips,Snacks,Model Town Campus,8,50.06
2026-06-14,Earphones Basic,Electronics,DHA Campus,1,361.05
2026-06-11,Chicken Patty,Snacks,DHA Campus,4,59.9
2026-06-24,Earphones Basic,Electronics,DHA Campus,5,377.31
2026-06-30,Mineral Water 500ml,Beverages,Model Town Campus,2,45.61
2026-06-19,Potato Chips,Snacks,Gulberg Campus,1,47.55
2026-06-05,GEL PEN PACK,Stationery,Model Town Campus,3,79.63
2026-06-30,Potato Chips,Snacks,Model Town Campus,10,51.32
2026-06-19,Energy Drink,Beverages,DHA Campus,3,150.24
2026-06-03,Chicken Patty,Snacks,Model Town Campus,10,57.9
2026-06-19,Notebook A4,Stationery,Model Town Campus,6,153.94
2026-06-23,Highlighter Set,Stationery,Model Town Campus,11,236.43
2026-06-01,Earphones Basic,Electronics,Gulberg Campus,4,
2026-06-06,Mineral Water 500ml,Beverages,Model Town Campus,2,45.59
2026-06-22,Earphones Basic,Electronics,Model Town Campus,5,367.93
2026-06-03,Samosa,Snacks,Gulberg Campus,7,39.62
2026-06-09,Potato Chips,Snacks,DHA Campus,5,49.27
2026-06-28,Highlighter Set,Stationery,Gulberg Campus,2,216.79
2026-06-07,Samosa,Snacks,Gulberg Campus,9,38.91
2026-06-15,Mineral Water 500ml,Beverages,Gulberg Campus,1,47.65
2026-06-05,Highlighter Set,Stationery,DHA Campus,1,
2026-06-28,Cold Coffee,Beverages,Gulberg Campus,1,120.32
2026-06-21,USB Flash Drive 32GB,Electronics,DHA Campus,6,894.38
2026-06-29,Potato Chips,Snacks,Model Town Campus,5,48.1
2026-06-22,Chicken Patty,Snacks,DHA Campus,1,62.83
2026-06-04,Notebook A4,Stationery,DHA Campus,11,148.82
2026-06-18,Cold Coffee,Beverages,Gulberg Campus,11,114.61
2026-06-17,Potato Chips,Snacks,DHA Campus,6,50.43
2026-06-16,Mineral Water 500ml,Beverages,Gulberg Campus,4,44.09
2026-06-21,Energy Drink,Beverages,Model Town Campus,8,161.82
2026-06-12,GEL PEN PACK,Stationery,Gulberg Campus,7,76.95
2026-06-16,Potato Chips,Snacks,Gulberg Campus,9,48.34
2026-06-10,Mineral Water 500ml,Beverages,DHA Campus,5,45.52
2026-06-25,Earphones Basic,Electronics,Model Town Campus,8,346.67
2026-06-11,Earphones Basic,Electronics,Gulberg Campus,3,369.84
2026-06-22,Gel Pen Pack,Stationery,DHA Campus,4,84.26
2026-06-19,Chicken Patty,Snacks,Gulberg Campus,10,61.74
2026-06-26, Notebook A4,Stationery,Model Town Campus,4,146.05
2026-06-21,Cold Coffee,Beverages,Gulberg Campus,6,120.42
2026-06-07,Gel Pen Pack,Stationery,DHA Campus,7,83.5
2026-06-30,Highlighter Set,Stationery,DHA Campus,7,209.97
2026-06-13,Earphones Basic,Electronics,Gulberg Campus,6,364.58
2026-06-16,Mineral Water 500ml,Beverages,Model Town Campus,11,45.11
2026-06-30,USB Flash Drive 32GB,Electronics,Gulberg Campus,10,859.61
2026-06-19,Earphones Basic,Electronics,DHA Campus,3,349.73
2026-06-09,gel pen pack,Stationery,DHA Campus,10,84.56
2026-06-05,Notebook A4,Stationery,Model Town Campus,11,149.71
2026-06-25,Potato Chips,Snacks,Gulberg Campus,11,51.61
2026-06-12,Cold Coffee,Beverages,DHA Campus,4,122.95
2026-06-20,Notebook A4,Stationery,Gulberg Campus,11,159.38
2026-06-14,USB Flash Drive 32GB,Electronics,DHA Campus,3,
2026-06-18,Notebook A4,Stationery,Model Town Campus,10,146.87
2026-06-12,Cold Coffee,Beverages,Gulberg Campus,7,122.52
2026-06-05,Cold Coffee,Beverages,Gulberg Campus,7,121.76
2026-06-25,Highlighter Set,Stationery,Model Town Campus,1,217.86
2026-06-28,Cold Coffee,Beverages,Model Town Campus,9,118.28
2026-06-09,Highlighter Set,Stationery,Model Town Campus,10,209.15
2026-06-05,USB Flash Drive 32GB,Electronics,Gulberg Campus,8,910.03
2026-06-24,Gel Pen Pack,Stationery,Model Town Campus,9,83.74
2026-06-22,USB Flash Drive 32GB,Electronics,DHA Campus,1,917.41
2026-06-29,Gel Pen Pack,Stationery,Model Town Campus,11,86.01
2026-06-10,Mineral Water 500ml,Beverages,Model Town Campus,5,43.45
2026-06-25,Gel Pen Pack,Stationery,DHA Campus,7,80.44
2026-06-06,Energy Drink,Beverages,DHA Campus,5,160.06
2026-06-18,Chicken Patty,Snacks,Gulberg Campus,5,58.32
2026-06-23,Potato Chips,Snacks,Gulberg Campus,8,51.29
2026-06-03,Chicken Patty,Snacks,Gulberg Campus,5,
2026-06-18,Earphones Basic,Electronics,Model Town Campus,5,353.47
2026-06-01,Samosa,Snacks,Model Town Campus,4,38.74
2026-06-01,Gel Pen Pack,Stationery,Gulberg Campus,7,76.14
2026-06-12,Cold Coffee,Beverages,DHA Campus,11,115.83
2026-06-26,USB Flash Drive 32GB,Electronics,Gulberg Campus,10,886.68
2026-06-28,Mineral Water 500ml,Beverages,DHA Campus,11,46.24
2026-06-20,USB Flash Drive 32GB,Electronics,Gulberg Campus,7,861.04
2026-06-06, Notebook A4,Stationery,Gulberg Campus,8,159.09
2026-06-06,Notebook A4,Stationery,Gulberg Campus,11,146.18
2026-06-24,Samosa,Snacks,DHA Campus,8,42.54
2026-06-22,USB Flash Drive 32GB,Electronics,Model Town Campus,6,893.94
2026-06-26,Cold  Coffee,Beverages,Model Town Campus,7,129.27
2026-06-08,Mineral Water 500ml,Beverages,Gulberg Campus,5,46.1
2026-06-01,Notebook A4,Stationery,Model Town Campus,11,150.3
2026-06-12,Samosa,Snacks,DHA Campus,5,38.48
2026-06-11,Chicken Patty,Snacks,DHA Campus,4,59.9
2026-06-10,Samosa,Snacks,Gulberg Campus,4,38.24
2026-06-13,GEL PEN PACK,Stationery,Model Town Campus,8,77.22
2026-06-17,Highlighter Set,Stationery,Gulberg Campus,4,222.13
2026-06-15,Energy Drink,Beverages,Gulberg Campus,5,143.01
2026-06-02,Earphones Basic,Electronics,DHA Campus,4,359.7
2026-06-09,Highlighter Set,Stationery,Gulberg Campus,3,221.55
2026-06-26,Samosa,Snacks,Model Town Campus,2,42.51
2026-06-10,Mineral Water 500ml,Beverages,Model Town Campus,7,43.03
2026-06-06,Energy Drink,Beverages,DHA Campus,9,146.58
2026-06-11,Mineral Water 500ml,Beverages,DHA Campus,2,46.1
2026-06-26,Cold Coffee,Beverages,DHA Campus,1,122.68
2026-06-30,Samosa,Snacks,DHA Campus,2,40.19
2026-06-20,Highlighter Set,Stationery,Gulberg Campus,8,228.93
2026-06-24,Samosa,Snacks,DHA Campus,3,40.07
2026-06-22,Highlighter Set,Stationery,Gulberg Campus,1,215.64
2026-06-07,Potato Chips,Snacks,DHA Campus,1,47.78
2026-06-03,Energy Drink,Beverages,DHA Campus,1,156.37
2026-06-23,USB Flash Drive 32GB,Electronics,DHA Campus,3,936.19
2026-06-11,USB Flash Drive 32GB,Electronics,Model Town Campus,7,922.92
2026-06-25,Earphones Basic,Electronics,Model Town Campus,8,355.35
2026-06-24,cold coffee ,Beverages,Gulberg Campus,8,123.48
2026-06-14,Energy Drink,Beverages,Model Town Campus,5,161.86
2026-06-02,Highlighter Set,Stationery,Model Town Campus,9,217.47
2026-06-16,Mineral Water 500ml,Beverages,DHA Campus,5,46.49
2026-06-14,Notebook A4,Stationery,Gulberg Campus,1,147.96
2026-06-21,Cold Coffee,Beverages,DHA Campus,1,116.17
2026-06-06,Notebook A4,Stationery,Gulberg Campus,9,149.31
2026-06-29,Cold Coffee,Beverages,Gulberg Campus,3,118.25
2026-06-28,Potato Chips,Snacks,Model Town Campus,11,52.85
2026-06-03,Energy Drink,Beverages,Gulberg Campus,8,147.86
2026-06-11,Energy Drink,Beverages,Model Town Campus,2,155.82
2026-06-02,Earphones Basic,Electronics,Gulberg Campus,7,360.25
2026-06-21,Chicken Patty,Snacks,Model Town Campus,6,57.38
2026-06-05,Potato Chips,Snacks,Gulberg Campus,10,
2026-06-07,USB Flash Drive 32GB,Electronics,DHA Campus,3,921.92
2026-06-22,Earphones Basic,Electronics,Gulberg Campus,2,357.23
2026-06-15,Mineral Water 500ml,Beverages,DHA Campus,10,44.98
2026-06-07,Cold Coffee,Beverages,DHA Campus,11,119.74
2026-06-02,Samosa,Snacks,Gulberg Campus,2,40.81
2026-06-27,Gel Pen Pack,Stationery,Model Town Campus,7,84.32
2026-06-01,Potato Chips,Snacks,Gulberg Campus,2,50.01
2026-06-29,USB Flash Drive 32GB,Electronics,Gulberg Campus,4,873.96
2026-06-12,Samosa,Snacks,Model Town Campus,1,40.78
2026-06-26,Cold Coffee,Beverages,Gulberg Campus,2,122.34
2026-06-19,Samosa,Snacks,Model Town Campus,10,40.78
2026-06-12,Energy Drink,Beverages,DHA Campus,9,148.73
2026-06-05,Earphones Basic,Electronics,Model Town Campus,3,359.39
2026-06-09,Potato Chips,Snacks,Gulberg Campus,1,47.96
2026-06-30,USB Flash Drive 32GB,Electronics,Gulberg Campus,2,958.54
2026-06-17,Highlighter Set,Stationery,Gulberg Campus,1,236.16
2026-06-24,Earphones Basic,Electronics,DHA Campus,10,335.64
2026-06-28,USB Flash Drive 32GB,Electronics,Model Town Campus,10,916.51
2026-06-15,Chicken Patty,Snacks,DHA Campus,5,61.78
2026-06-19,Chicken Patty,Snacks,Model Town Campus,7,62.36
2026-06-20,Highlighter Set,Stationery,Gulberg Campus,8,212.2
2026-06-21,Gel Pen Pack,Stationery,DHA Campus,2,77.88
2026-06-13,Highlighter Set,Stationery,DHA Campus,1,215.39
2026-06-04,Samosa,Snacks,Gulberg Campus,8,42.9
2026-06-11,Highlighter Set,Stationery,DHA Campus,2,209.76
2026-06-26,Energy Drink,Beverages,Model Town Campus,6,157.42
2026-06-08,Gel Pen Pack,Stationery,Model Town Campus,1,79.3
2026-06-26,Highlighter Set,Stationery,DHA Campus,5,
2026-06-29,Potato Chips,Snacks,DHA Campus,11,51.38
2026-06-24,Cold Coffee,Beverages,Gulberg Campus,6,119.4
2026-06-11,Gel Pen Pack,Stationery,Model Town Campus,8,85.42
2026-06-16,Gel Pen Pack,Stationery,DHA Campus,2,79.65
2026-06-15,Gel Pen Pack,Stationery,DHA Campus,1,76.14
2026-06-10,Earphones Basic,Electronics,Gulberg Campus,10,375.69
2026-06-06,USB Flash Drive 32GB,Electronics,Model Town Campus,6,933.27
2026-06-10,Notebook A4,Stationery,Gulberg Campus,5,144.34
2026-06-09,Samosa,Snacks,Model Town Campus,3,39.76
2026-06-17,Mineral Water 500ml,Beverages,Model Town Campus,9,45.44
2026-06-03,Chicken Patty,Snacks,Model Town Campus,2,57.74
2026-06-24,Earphones Basic,Electronics,Gulberg Campus,4,374.3
2026-06-01,Energy Drink,Beverages,DHA Campus,3,142.9
2026-06-13,Chicken Patty,Snacks,Gulberg Campus,2,60.66
2026-06-05,Samosa,Snacks,Gulberg Campus,1,39.32
2026-06-27,Notebook A4,Stationery,Model Town Campus,3,160.99
2026-06-21,Samosa,Snacks,DHA Campus,10,43.15
2026-06-23,Earphones Basic,Electronics,DHA Campus,4,365.36
2026-06-04,Notebook A4,Stationery,Model Town Campus,9,148.44
2026-06-09,Chicken Patty,Snacks,Gulberg Campus,2,61.03
2026-06-29,Highlighter Set,Stationery,DHA Campus,1,223.17
2026-06-19,Cold Coffee,Beverages,Gulberg Campus,11,119.56
2026-06-18,Samosa,Snacks,Model Town Campus,8,40.52
2026-06-30,USB Flash Drive 32GB,Electronics,Model Town Campus,11,894.77
2026-06-28,Energy Drink,Beverages,DHA Campus,10,150.39
2026-06-21,Energy Drink,Beverages,Gulberg Campus,2,144.92
2026-06-10,cold coffee ,Beverages,DHA Campus,10,125.91
2026-06-19,Gel Pen Pack,Stationery,DHA Campus,11,78.63
2026-06-11,Cold Coffee,Beverages,Gulberg Campus,9,122.55
2026-06-30,Chicken Patty,Snacks,Gulberg Campus,4,63.59
2026-06-27,Notebook A4,Stationery,DHA Campus,7,156.85
2026-06-28,Highlighter Set,Stationery,Model Town Campus,2,213.76
2026-06-11,Notebook A4,Stationery,DHA Campus,11,158.12
2026-06-10,Potato Chips,Snacks,DHA Campus,6,52.14
