date,product,category,branch,units_sold,unit_price,revenue,net_revenue,stock_qty,reorder_level
2026-06-14,Gel Pen Pack,Stationery,Model Town Campus,5,78.63,393.15,369.561,124.0,23.0
2026-06-07,Energy Drink,Beverages,Gulberg Campus,5,159.73,798.65,758.7175,162.0,32.0
2026-06-30,Highlighter Set,Stationery,DHA Campus,3,235.44,706.3199999999999,656.8775999999999,97.0,41.0
2026-06-24,Chicken Patty,Snacks,Model Town Campus,9,61.1580487804878,550.4224390243902,517.3970926829268,165.0,35.0
2026-06-18,Earphones Basic,Electronics,Gulberg Campus,1,355.41,355.41,337.6395,164.0,51.0
2026-06-30,Chicken Patty,Snacks,Model Town Campus,7,57.29,401.03,376.96819999999997,165.0,35.0
2026-06-17,Energy Drink,Beverages,DHA Campus,7,152.71,1068.97,994.1420999999999,162.0,32.0
2026-06-23,Gel Pen Pack,Stationery,Gulberg Campus,8,80.41,643.28,611.116,124.0,23.0
2026-06-03,Energy Drink,Beverages,Gulberg Campus,10,143.0,1430.0,1358.5,162.0,32.0
2026-06-21,Gel Pen Pack,Stationery,Model Town Campus,1,84.85,84.85,79.75899999999999,124.0,23.0
2026-06-04,Usb Flash Drive 32Gb,Electronics,Model Town Campus,10,949.55,9495.5,8925.769999999999,,
2026-06-27,Notebook A4,Stationery,Model Town Campus,3,160.99,482.97,453.9918,43.0,34.0
2026-06-26,Highlighter Set,Stationery,DHA Campus,8,229.66,1837.28,1708.6704,97.0,41.0
2026-06-14,Energy Drink,Beverages,Gulberg Campus,4,151.54,606.16,575.852,162.0,32.0
2026-06-15,Chicken Patty,Snacks,Model Town Campus,6,64.41,386.46,363.27239999999995,165.0,35.0
2026-06-14,Cold Coffee,Beverages,Model Town Campus,5,121.21442857142857,606.0721428571428,569.7078142857142,174.0,53.0
2026-06-21,Cold Coffee,Beverages,Gulberg Campus,5,117.15,585.75,556.4625,174.0,53.0
2026-06-19,Cold Coffee,Beverages,Model Town Campus,10,122.8,1228.0,1154.32,174.0,53.0
2026-06-20,Usb Flash Drive 32Gb,Electronics,Gulberg Campus,6,897.75,5386.5,5117.175,,
2026-06-16,Chicken Patty,Snacks,DHA Campus,6,64.55,387.29999999999995,360.1889999999999,165.0,35.0
2026-06-13,Chicken Patty,Snacks,Model Town Campus,1,64.39,64.39,60.526599999999995,165.0,35.0
2026-06-28,Usb Flash Drive 32Gb,Electronics,Model Town Campus,5,925.57,4627.85,4350.179,,
2026-06-21,Energy Drink,Beverages,DHA Campus,11,154.08,1694.88,1576.2384,162.0,32.0
2026-06-29,Notebook A4,Stationery,Gulberg Campus,8,160.77,1286.16,1221.852,43.0,34.0
2026-06-06,Potato Chips,Snacks,DHA Campus,8,50.01,400.08,372.07439999999997,174.0,21.0
2026-06-29,Samosa,Snacks,Gulberg Campus,9,40.52132075471698,364.6918867924528,346.45729245283013,157.0,32.0
2026-06-25,Earphones Basic,Electronics,Model Town Campus,7,376.89,2638.23,2479.9362,164.0,51.0
2026-06-22,Samosa,Snacks,Model Town Campus,7,40.98,286.85999999999996,269.6483999999999,157.0,32.0
2026-06-18,Gel Pen Pack,Stationery,DHA Campus,3,77.92,233.76,217.39679999999998,124.0,23.0
2026-06-29,Mineral Water 500Ml,Beverages,DHA Campus,2,43.37,86.74,80.66819999999998,,
2026-06-26,Chicken Patty,Snacks,Gulberg Campus,1,60.13,60.13,57.1235,165.0,35.0
2026-06-04,Gel Pen Pack,Stationery,Gulberg Campus,9,81.04,729.36,692.8919999999999,124.0,23.0
2026-06-29,Cold Coffee,Beverages,DHA Campus,5,127.06,635.3,590.829,174.0,53.0
2026-06-16,Potato Chips,Snacks,Model Town Campus,7,52.41,366.87,344.8578,174.0,21.0
2026-06-10,Cold Coffee,Beverages,Gulberg Campus,1,121.21442857142857,121.21442857142857,115.15370714285713,174.0,53.0
2026-06-05,Notebook A4,Stationery,Model Town Campus,11,149.71,1646.8100000000002,1548.0014,43.0,34.0
2026-06-30,Cold Coffee,Beverages,Gulberg Campus,5,124.8,624.0,592.8,174.0,53.0
2026-06-15,Potato Chips,Snacks,Model Town Campus,7,53.12,371.84,349.52959999999996,174.0,21.0
2026-06-23,Highlighter Set,Stationery,DHA Campus,4,220.36,881.44,819.7392,97.0,41.0
2026-06-10,Chicken Patty,Snacks,DHA Campus,8,62.14,497.12,462.3216,165.0,35.0
2026-06-15,Cold Coffee,Beverages,Gulberg Campus,2,129.4,258.8,245.85999999999999,174.0,53.0
2026-06-27,Cold Coffee,Beverages,Gulberg Campus,9,120.8,1087.2,1032.84,174.0,53.0
2026-06-16,Highlighter Set,Stationery,Gulberg Campus,2,233.37,466.74,443.40299999999996,97.0,41.0
2026-06-15,Samosa,Snacks,Model Town Campus,2,40.87,81.74,76.83559999999999,157.0,32.0
2026-06-29,Potato Chips,Snacks,Model Town Campus,11,49.81,547.9100000000001,515.0354000000001,174.0,21.0
2026-06-11,Mineral Water 500Ml,Beverages,DHA Campus,1,46.59,46.59,43.3287,,
2026-06-17,Cold Coffee,Beverages,Gulberg Campus,8,116.81,934.48,887.756,174.0,53.0
2026-06-01,Mineral Water 500Ml,Beverages,Gulberg Campus,3,44.99,134.97,128.2215,,
2026-06-26,Energy Drink,Beverages,Gulberg Campus,8,144.44,1155.52,1097.744,162.0,32.0
2026-06-01,Usb Flash Drive 32Gb,Electronics,DHA Campus,3,922.3782692307692,2767.1348076923077,2573.435371153846,,
2026-06-06,Earphones Basic,Electronics,Model Town Campus,11,355.90979591836737,3915.007755102041,3680.1072897959184,164.0,51.0
2026-06-27,Mineral Water 500Ml,Beverages,Gulberg Campus,2,42.83,85.66,81.377,,
2026-06-12,Notebook A4,Stationery,DHA Campus,9,157.35,1416.1499999999999,1317.0194999999999,43.0,34.0
2026-06-29,Chicken Patty,Snacks,Model Town Campus,1,62.63,62.63,58.8722,165.0,35.0
2026-06-29,Cold Coffee,Beverages,Gulberg Campus,2,115.61,231.22,219.659,174.0,53.0
2026-06-19,Energy Drink,Beverages,DHA Campus,4,151.74,606.96,564.4728,162.0,32.0
2026-06-12,Chicken Patty,Snacks,Model Town Campus,3,60.04,180.12,169.31279999999998,165.0,35.0
2026-06-03,Highlighter Set,Stationery,Gulberg Campus,7,210.16,1471.12,1397.5639999999999,97.0,41.0
2026-06-11,Usb Flash Drive 32Gb,Electronics,DHA Campus,11,957.66,10534.26,9796.861799999999,,
2026-06-24,Samosa,Snacks,DHA Campus,8,40.63,325.04,302.2872,157.0,32.0
2026-06-10,Cold Coffee,Beverages,DHA Campus,9,124.74,1122.6599999999999,1044.0738,174.0,53.0
2026-06-14,Cold Coffee,Beverages,Model Town Campus,5,114.68,573.4000000000001,538.9960000000001,174.0,53.0
2026-06-03,Usb Flash Drive 32Gb,Electronics,Gulberg Campus,3,944.01,2832.0299999999997,2690.4284999999995,,
2026-06-30,Cold Coffee,Beverages,Model Town Campus,1,116.82,116.82,109.81079999999999,174.0,53.0
2026-06-11,Mineral Water 500Ml,Beverages,Model Town Campus,2,42.98,85.96,80.80239999999999,,
2026-06-17,Notebook A4,Stationery,DHA Campus,2,148.91,297.82,276.9726,43.0,34.0
2026-06-22,Cold Coffee,Beverages,DHA Campus,7,115.82,810.74,753.9882,174.0,53.0
2026-06-25,Mineral Water 500Ml,Beverages,DHA Campus,2,46.63,93.26,86.73179999999999,,
2026-06-02,Highlighter Set,Stationery,Gulberg Campus,8,225.31,1802.48,1712.356,97.0,41.0
2026-06-19,Samosa,Snacks,Model Town Campus,9,41.83,376.46999999999997,353.88179999999994,157.0,32.0
2026-06-30,Samosa,Snacks,Gulberg Campus,5,41.95,209.75,199.2625,157.0,32.0
2026-06-19,Samosa,Snacks,DHA Campus,2,40.52132075471698,81.04264150943396,75.36965660377358,157.0,32.0
2026-06-12,Gel Pen Pack,Stationery,DHA Campus,1,77.05,77.05,71.6565,124.0,23.0
2026-06-06,Potato Chips,Snacks,Model Town Campus,2,48.55,97.1,91.27399999999999,174.0,21.0
2026-06-22,Usb Flash Drive 32Gb,Electronics,Model Town Campus,9,957.63,8618.67,8101.5498,,
2026-06-03,Cold Coffee,Beverages,Gulberg Campus,10,117.68,1176.8000000000002,1117.96,174.0,53.0
2026-06-06,Gel Pen Pack,Stationery,Gulberg Campus,10,78.68,786.8000000000001,747.46,124.0,23.0
2026-06-30,Energy Drink,Beverages,DHA Campus,11,161.76,1779.36,1654.8048,162.0,32.0
2026-06-09,Highlighter Set,Stationery,Model Town Campus,7,216.17,1513.1899999999998,1422.3985999999998,97.0,41.0
2026-06-10,Potato Chips,Snacks,Model Town Campus,5,51.48,257.4,241.95599999999996,174.0,21.0
2026-06-19,Usb Flash Drive 32Gb,Electronics,Gulberg Campus,6,922.3782692307692,5534.2696153846155,5257.5561346153845,,
2026-06-23,Samosa,Snacks,Model Town Campus,8,38.78,310.24,291.6256,157.0,32.0
2026-06-08,Samosa,Snacks,DHA Campus,6,39.87,239.21999999999997,222.47459999999995,157.0,32.0
2026-06-15,Gel Pen Pack,Stationery,Gulberg Campus,1,84.09,84.09,79.8855,124.0,23.0
2026-06-20,Cold Coffee,Beverages,Gulberg Campus,4,121.92,487.68,463.296,174.0,53.0
2026-06-26,Notebook A4,Stationery,DHA Campus,3,151.34,454.02,422.23859999999996,43.0,34.0
2026-06-08,Chicken Patty,Snacks,Model Town Campus,2,61.8,123.6,116.18399999999998,165.0,35.0
2026-06-23,Notebook A4,Stationery,DHA Campus,2,142.74,285.48,265.4964,43.0,34.0
2026-06-30,Energy Drink,Beverages,Gulberg Campus,3,156.78,470.34000000000003,446.82300000000004,162.0,32.0
2026-06-08,Mineral Water 500Ml,Beverages,DHA Campus,8,43.16,345.28,321.11039999999997,,
2026-06-03,Energy Drink,Beverages,Model Town Campus,7,151.77,1062.39,998.6466,162.0,32.0
2026-06-06,Energy Drink,Beverages,Model Town Campus,6,157.71,946.26,889.4843999999999,162.0,32.0
2026-06-18,Earphones Basic,Electronics,Gulberg Campus,10,373.19,3731.9,3545.305,164.0,51.0
2026-06-17,Earphones Basic,Electronics,DHA Campus,3,372.28,1116.84,1038.6611999999998,164.0,51.0
2026-06-12,Cold Coffee,Beverages,DHA Campus,4,126.89,507.56,472.03079999999994,174.0,53.0
2026-06-12,Samosa,Snacks,Gulberg Campus,7,41.9,293.3,278.635,157.0,32.0
2026-06-27,Mineral Water 500Ml,Beverages,Gulberg Campus,8,48.51,388.08,368.676,,
2026-06-23,Earphones Basic,Electronics,DHA Campus,4,365.09,1460.36,1358.1347999999998,164.0,51.0
2026-06-18,Mineral Water 500Ml,Beverages,Model Town Campus,10,47.2,472.0,443.67999999999995,,
2026-06-09,Samosa,Snacks,DHA Campus,7,41.49,290.43,270.0999,157.0,32.0
2026-06-22,Mineral Water 500Ml,Beverages,Gulberg Campus,1,45.04,45.04,42.788,,
2026-06-03,Highlighter Set,Stationery,Model Town Campus,8,228.05,1824.4,1714.936,97.0,41.0
2026-06-21,Mineral Water 500Ml,Beverages,DHA Campus,9,47.2,424.8,395.06399999999996,,
2026-06-27,Notebook A4,Stationery,DHA Campus,10,158.59,1585.9,1474.887,43.0,34.0
2026-06-26,Cold Coffee,Beverages,DHA Campus,7,117.96,825.7199999999999,767.9195999999998,174.0,53.0
2026-06-21,Chicken Patty,Snacks,Model Town Campus,6,57.38,344.28000000000003,323.6232,165.0,35.0
2026-06-13,Highlighter Set,Stationery,Model Town Campus,10,234.92,2349.2,2208.2479999999996,97.0,41.0
2026-06-05,Notebook A4,Stationery,Model Town Campus,2,152.85,305.7,287.35799999999995,43.0,34.0
2026-06-19,Notebook A4,Stationery,Gulberg Campus,1,146.62,146.62,139.289,43.0,34.0
2026-06-02,Chicken Patty,Snacks,Model Town Campus,1,59.02,59.02,55.4788,165.0,35.0
2026-06-16,Highlighter Set,Stationery,DHA Campus,6,232.78,1396.68,1298.9124,97.0,41.0
2026-06-14,Cold Coffee,Beverages,DHA Campus,8,116.65,933.2,867.876,174.0,53.0
2026-06-09,Notebook A4,Stationery,Model Town Campus,6,152.97,917.8199999999999,862.7507999999999,43.0,34.0
2026-06-02,Notebook A4,Stationery,Model Town Campus,8,142.61,1140.88,1072.4272,43.0,34.0
2026-06-15,Chicken Patty,Snacks,Model Town Campus,1,59.94,59.94,56.343599999999995,165.0,35.0
2026-06-15,Notebook A4,Stationery,DHA Campus,1,152.92,152.92,142.21559999999997,43.0,34.0
2026-06-20,Gel Pen Pack,Stationery,DHA Campus,9,83.47,751.23,698.6438999999999,124.0,23.0
2026-06-01,Potato Chips,Snacks,Gulberg Campus,10,50.91,509.09999999999997,483.6449999999999,174.0,21.0
2026-06-13,Mineral Water 500Ml,Beverages,DHA Campus,1,47.9,47.9,44.547,,
2026-06-28,Mineral Water 500Ml,Beverages,DHA Campus,9,45.64,410.76,382.00679999999994,,
2026-06-24,Earphones Basic,Electronics,Gulberg Campus,1,358.72,358.72,340.784,164.0,51.0
2026-06-02,Mineral Water 500Ml,Beverages,Model Town Campus,5,45.02,225.10000000000002,211.59400000000002,,
2026-06-02,Samosa,Snacks,Gulberg Campus,8,38.18,305.44,290.168,157.0,32.0
2026-06-27,Chicken Patty,Snacks,Gulberg Campus,4,61.87,247.48,235.10599999999997,165.0,35.0
2026-06-23,Samosa,Snacks,DHA Campus,10,39.78,397.8,369.954,157.0,32.0
2026-06-02,Notebook A4,Stationery,Gulberg Campus,6,146.55,879.3000000000001,835.335,43.0,34.0
2026-06-22,Notebook A4,Stationery,Gulberg Campus,3,151.95520833333333,455.865625,433.07234375,43.0,34.0
2026-06-09,Samosa,Snacks,DHA Campus,4,38.69,154.76,143.9268,157.0,32.0
2026-06-28,Notebook A4,Stationery,Model Town Campus,9,147.7,1329.3,1249.542,43.0,34.0
2026-06-13,Notebook A4,Stationery,DHA Campus,7,150.97,1056.79,982.8146999999999,43.0,34.0
2026-06-24,Gel Pen Pack,Stationery,DHA Campus,4,77.3,309.2,287.556,124.0,23.0
2026-06-08,Mineral Water 500Ml,Beverages,Model Town Campus,6,44.85,269.1,252.954,,
2026-06-14,Highlighter Set,Stationery,DHA Campus,8,226.74,1813.92,1686.9456,97.0,41.0
2026-06-05,Energy Drink,Beverages,DHA Campus,11,158.42,1742.62,1620.6365999999998,162.0,32.0
2026-06-04,Usb Flash Drive 32Gb,Electronics,Model Town Campus,7,961.1,6727.7,6324.038,,
2026-06-24,Highlighter Set,Stationery,DHA Campus,5,235.38,1176.9,1094.517,97.0,41.0
2026-06-24,Usb Flash Drive 32Gb,Electronics,Model Town Campus,3,941.16,2823.48,2654.0712,,
2026-06-09,Gel Pen Pack,Stationery,DHA Campus,3,80.84,242.52,225.5436,124.0,23.0
2026-06-20,Notebook A4,Stationery,Gulberg Campus,5,146.15,730.75,694.2125,43.0,34.0
2026-06-24,Usb Flash Drive 32Gb,Electronics,DHA Campus,11,907.75,9985.25,9286.2825,,
2026-06-12,Usb Flash Drive 32Gb,Electronics,Model Town Campus,7,946.41,6624.87,6227.377799999999,,
2026-06-19,Cold Coffee,Beverages,DHA Campus,9,127.89,1151.01,1070.4393,174.0,53.0
2026-06-03,Potato Chips,Snacks,Gulberg Campus,3,52.51,157.53,149.6535,174.0,21.0
2026-06-22,Energy Drink,Beverages,Gulberg Campus,8,146.97,1175.76,1116.972,162.0,32.0
2026-06-10,Cold Coffee,Beverages,Model Town Campus,10,121.82,1218.1999999999998,1145.1079999999997,174.0,53.0
2026-06-13,Usb Flash Drive 32Gb,Electronics,Model Town Campus,4,899.02,3596.08,3380.3151999999995,,
2026-06-14,Usb Flash Drive 32Gb,Electronics,DHA Campus,10,856.42,8564.199999999999,7964.705999999998,,
2026-06-23,Gel Pen Pack,Stationery,Gulberg Campus,4,80.75,323.0,306.84999999999997,124.0,23.0
2026-06-04,Chicken Patty,Snacks,DHA Campus,5,58.94,294.7,274.07099999999997,165.0,35.0
2026-06-12,Notebook A4,Stationery,Model Town Campus,10,151.11,1511.1000000000001,1420.434,43.0,34.0
2026-06-04,Mineral Water 500Ml,Beverages,Gulberg Campus,1,43.45,43.45,41.2775,,
2026-06-20,Usb Flash Drive 32Gb,Electronics,Model Town Campus,1,926.44,926.44,870.8536,,
2026-06-13,Samosa,Snacks,Gulberg Campus,2,38.42,76.84,72.998,157.0,32.0
2026-06-05,Samosa,Snacks,Model Town Campus,1,38.78,38.78,36.4532,157.0,32.0
2026-06-15,Energy Drink,Beverages,Model Town Campus,2,143.22,286.44,269.2536,162.0,32.0
2026-06-03,Usb Flash Drive 32Gb,Electronics,DHA Campus,3,858.68,2576.04,2395.7171999999996,,
2026-06-17,Chicken Patty,Snacks,Model Town Campus,4,59.7,238.8,224.472,165.0,35.0
2026-06-15,Cold Coffee,Beverages,Gulberg Campus,2,115.29,230.58,219.051,174.0,53.0
2026-06-11,Chicken Patty,Snacks,Model Town Campus,3,63.4,190.2,178.78799999999998,165.0,35.0
2026-06-04,Cold Coffee,Beverages,DHA Campus,1,117.56,117.56,109.3308,174.0,53.0
2026-06-25,Potato Chips,Snacks,Gulberg Campus,9,48.47,436.23,414.4185,174.0,21.0
2026-06-10,Potato Chips,Snacks,Gulberg Campus,5,50.09,250.45000000000002,237.9275,174.0,21.0
2026-06-24,Gel Pen Pack,Stationery,DHA Campus,11,77.59,853.49,793.7456999999999,124.0,23.0
2026-06-12,Samosa,Snacks,DHA Campus,6,39.55,237.29999999999998,220.68899999999996,157.0,32.0
2026-06-07,Samosa,Snacks,DHA Campus,8,41.38,331.04,307.8672,157.0,32.0
2026-06-17,Samosa,Snacks,DHA Campus,1,40.56,40.56,37.7208,157.0,32.0
2026-06-30,Cold Coffee,Beverages,Model Town Campus,6,129.3,775.8000000000001,729.2520000000001,174.0,53.0
2026-06-17,Usb Flash Drive 32Gb,Electronics,DHA Campus,4,908.74,3634.96,3380.5128,,
2026-06-24,Energy Drink,Beverages,Gulberg Campus,6,152.62,915.72,869.934,162.0,32.0
2026-06-26,Energy Drink,Beverages,Gulberg Campus,8,158.23,1265.84,1202.5479999999998,162.0,32.0
2026-06-27,Cold Coffee,Beverages,Gulberg Campus,8,124.9,999.2,949.24,174.0,53.0
2026-06-22,Mineral Water 500Ml,Beverages,Model Town Campus,10,48.06,480.6,451.764,,
2026-06-07,Highlighter Set,Stationery,DHA Campus,4,223.85644444444446,895.4257777777779,832.7459733333334,97.0,41.0
2026-06-07,Potato Chips,Snacks,DHA Campus,5,48.66,243.29999999999998,226.26899999999998,174.0,21.0
2026-06-16,Gel Pen Pack,Stationery,DHA Campus,10,80.57545454545455,805.7545454545455,749.3517272727272,124.0,23.0
2026-06-27,Energy Drink,Beverages,Model Town Campus,1,152.4159375,152.4159375,143.27098125,162.0,32.0
2026-06-16,Cold Coffee,Beverages,Model Town Campus,1,125.81,125.81,118.2614,174.0,53.0
2026-06-08,Earphones Basic,Electronics,Gulberg Campus,2,357.83,715.66,679.877,164.0,51.0
2026-06-08,Energy Drink,Beverages,Gulberg Campus,1,145.16,145.16,137.902,162.0,32.0
2026-06-08,Cold Coffee,Beverages,DHA Campus,3,118.0,354.0,329.21999999999997,174.0,53.0
2026-06-29,Gel Pen Pack,Stationery,Model Town Campus,11,86.01,946.11,889.3434,124.0,23.0
2026-06-24,Usb Flash Drive 32Gb,Electronics,Gulberg Campus,8,931.21,7449.68,7077.196,,
2026-06-09,Energy Drink,Beverages,DHA Campus,5,151.42,757.0999999999999,704.1029999999998,162.0,32.0
2026-06-22,Highlighter Set,Stationery,DHA Campus,3,226.85,680.55,632.9114999999999,97.0,41.0
2026-06-26,Energy Drink,Beverages,Model Town Campus,7,155.6,1089.2,1023.848,162.0,32.0
2026-06-25,Earphones Basic,Electronics,Model Town Campus,4,355.90979591836737,1423.6391836734695,1338.2208326530613,164.0,51.0
2026-06-09,Energy Drink,Beverages,Model Town Campus,4,158.07,632.28,594.3431999999999,162.0,32.0
2026-06-27,Highlighter Set,Stationery,Gulberg Campus,3,225.67,677.01,643.1595,97.0,41.0
2026-06-19,Cold Coffee,Beverages,Model Town Campus,2,115.36,230.72,216.87679999999997,174.0,53.0
2026-06-28,Notebook A4,Stationery,DHA Campus,6,158.68,952.08,885.4344,43.0,34.0
2026-06-02,Energy Drink,Beverages,DHA Campus,9,161.24,1451.16,1349.5788,162.0,32.0
2026-06-17,Usb Flash Drive 32Gb,Electronics,Model Town Campus,11,933.1,10264.1,9648.253999999999,,
2026-06-14,Potato Chips,Snacks,DHA Campus,10,48.99,489.90000000000003,455.607,174.0,21.0
2026-06-01,Earphones Basic,Electronics,Model Town Campus,10,336.94,3369.4,3167.236,164.0,51.0
2026-06-06,Highlighter Set,Stationery,Gulberg Campus,3,219.65,658.95,626.0025,97.0,41.0
2026-06-01,Earphones Basic,Electronics,Gulberg Campus,4,355.90979591836737,1423.6391836734695,1352.4572244897959,164.0,51.0
2026-06-21,Potato Chips,Snacks,Gulberg Campus,11,50.58,556.38,528.5609999999999,174.0,21.0
2026-06-16,Gel Pen Pack,Stationery,DHA Campus,2,82.62,165.24,153.6732,124.0,23.0
2026-06-29,Usb Flash Drive 32Gb,Electronics,DHA Campus,3,864.1,2592.3,2410.839,,
2026-06-11,Cold Coffee,Beverages,DHA Campus,3,129.45,388.34999999999997,361.16549999999995,174.0,53.0
2026-06-26,Highlighter Set,Stationery,Gulberg Campus,8,211.98,1695.84,1611.0479999999998,97.0,41.0
2026-06-27,Gel Pen Pack,Stationery,DHA Campus,6,82.71,496.26,461.5218,124.0,23.0
2026-06-01,Gel Pen Pack,Stationery,Model Town Campus,5,77.62,388.1,364.814,124.0,23.0
2026-06-30,Energy Drink,Beverages,Model Town Campus,5,151.73,758.65,713.131,162.0,32.0
2026-06-04,Energy Drink,Beverages,DHA Campus,7,148.15,1037.05,964.4564999999999,162.0,32.0
2026-06-27,Energy Drink,Beverages,Model Town Campus,1,151.95,151.95,142.83299999999997,162.0,32.0
2026-06-20,Samosa,Snacks,DHA Campus,8,42.66,341.28,317.39039999999994,157.0,32.0
2026-06-01,Gel Pen Pack,Stationery,Gulberg Campus,11,80.57545454545455,886.33,842.0135,124.0,23.0
2026-06-13,Chicken Patty,Snacks,Gulberg Campus,1,57.65,57.65,54.7675,165.0,35.0
2026-06-17,Highlighter Set,Stationery,Gulberg Campus,11,225.58,2481.38,2357.311,97.0,41.0
2026-06-05,Energy Drink,Beverages,Gulberg Campus,9,150.37,1353.33,1285.6634999999999,162.0,32.0
2026-06-10,Usb Flash Drive 32Gb,Electronics,Gulberg Campus,10,928.23,9282.3,8818.185,,
2026-06-29,Potato Chips,Snacks,DHA Campus,10,47.7,477.0,443.60999999999996,174.0,21.0
2026-06-28,Gel Pen Pack,Stationery,Gulberg Campus,11,77.92,857.12,814.264,124.0,23.0
2026-06-17,Potato Chips,Snacks,Model Town Campus,11,47.99,527.89,496.21659999999997,174.0,21.0
2026-06-05,Energy Drink,Beverages,Model Town Campus,6,143.14,858.8399999999999,807.3095999999999,162.0,32.0
2026-06-18,Highlighter Set,Stationery,Model Town Campus,6,211.34,1268.04,1191.9576,97.0,41.0
2026-06-02,Mineral Water 500Ml,Beverages,DHA Campus,4,43.83,175.32,163.0476,,
2026-06-20,Highlighter Set,Stationery,Gulberg Campus,1,224.15,224.15,212.9425,97.0,41.0
2026-06-12,Energy Drink,Beverages,Gulberg Campus,5,147.15,735.75,698.9625,162.0,32.0
2026-06-20,Notebook A4,Stationery,Model Town Campus,11,153.65,1690.15,1588.741,43.0,34.0
2026-06-26,Earphones Basic,Electronics,DHA Campus,3,335.49,1006.47,936.0170999999999,164.0,51.0
2026-06-04,Earphones Basic,Electronics,DHA Campus,11,341.74,3759.1400000000003,3496.0002,164.0,51.0
2026-06-25,Cold Coffee,Beverages,DHA Campus,11,114.51,1259.6100000000001,1171.4373,174.0,53.0
2026-06-06,Chicken Patty,Snacks,Gulberg Campus,3,63.68,191.04,181.48799999999997,165.0,35.0
2026-06-22,Energy Drink,Beverages,Gulberg Campus,9,155.82,1402.3799999999999,1332.2609999999997,162.0,32.0
2026-06-08,Usb Flash Drive 32Gb,Electronics,Model Town Campus,10,949.7,9497.0,8927.18,,
2026-06-12,Samosa,Snacks,Model Town Campus,5,41.91,209.54999999999998,196.97699999999998,157.0,32.0
2026-06-01,Earphones Basic,Electronics,Model Town Campus,4,359.45,1437.8,1351.532,164.0,51.0
2026-06-10,Usb Flash Drive 32Gb,Electronics,DHA Campus,1,906.76,906.76,843.2868,,
2026-06-13,Mineral Water 500Ml,Beverages,Model Town Campus,5,44.11,220.55,207.317,,
2026-06-06,Notebook A4,Stationery,DHA Campus,9,155.44,1398.96,1301.0328,43.0,34.0
2026-06-09,Chicken Patty,Snacks,Model Town Campus,3,61.97,185.91,174.75539999999998,165.0,35.0
2026-06-27,Chicken Patty,Snacks,Model Town Campus,9,61.1580487804878,550.4224390243902,517.3970926829268,165.0,35.0
2026-06-27,Cold Coffee,Beverages,DHA Campus,5,119.33,596.65,554.8844999999999,174.0,53.0
2026-06-04,Samosa,Snacks,Gulberg Campus,6,42.58,255.48,242.706,157.0,32.0
2026-06-27,Usb Flash Drive 32Gb,Electronics,DHA Campus,1,956.61,956.61,889.6473,,
2026-06-05,Gel Pen Pack,Stationery,Model Town Campus,1,83.57,83.57,78.55579999999999,124.0,23.0
2026-06-09,Cold Coffee,Beverages,DHA Campus,4,120.42,481.68,447.9624,174.0,53.0
2026-06-06,Energy Drink,Beverages,Model Town Campus,2,158.84,317.68,298.6192,162.0,32.0
2026-06-20,Energy Drink,Beverages,Gulberg Campus,4,159.09,636.36,604.542,162.0,32.0
2026-06-09,Potato Chips,Snacks,Model Town Campus,3,52.67,158.01,148.52939999999998,174.0,21.0
2026-06-15,Highlighter Set,Stationery,DHA Campus,5,225.74,1128.7,1049.691,97.0,41.0
2026-06-03,Highlighter Set,Stationery,DHA Campus,5,223.85644444444446,1119.2822222222223,1040.9324666666666,97.0,41.0
2026-06-19,Earphones Basic,Electronics,DHA Campus,5,349.02,1745.1,1622.9429999999998,164.0,51.0
2026-06-25,Potato Chips,Snacks,DHA Campus,11,48.42,532.62,495.3366,174.0,21.0
2026-06-17,Chicken Patty,Snacks,DHA Campus,2,61.84,123.68,115.0224,165.0,35.0
2026-06-10,Usb Flash Drive 32Gb,Electronics,Model Town Campus,1,922.3782692307692,922.3782692307692,867.035573076923,,
2026-06-13,Chicken Patty,Snacks,Model Town Campus,9,61.62,554.5799999999999,521.3051999999999,165.0,35.0
2026-06-05,Cold Coffee,Beverages,DHA Campus,1,129.24,129.24,120.1932,174.0,53.0
2026-06-29,Cold Coffee,Beverages,Gulberg Campus,5,121.55,607.75,577.3625,174.0,53.0
2026-06-02,Earphones Basic,Electronics,DHA Campus,2,350.48,700.96,651.8928,164.0,51.0
2026-06-27,Notebook A4,Stationery,Gulberg Campus,6,157.59,945.54,898.2629999999999,43.0,34.0
2026-06-27,Usb Flash Drive 32Gb,Electronics,Model Town Campus,3,924.06,2772.18,2605.8491999999997,,
2026-06-15,Usb Flash Drive 32Gb,Electronics,Model Town Campus,5,971.61,4858.05,4566.567,,
2026-06-21,Gel Pen Pack,Stationery,Model Town Campus,8,84.61,676.88,636.2672,124.0,23.0
2026-06-16,Earphones Basic,Electronics,Model Town Campus,2,348.8,697.6,655.744,164.0,51.0
2026-06-05,Cold Coffee,Beverages,Model Town Campus,7,124.49,871.43,819.1442,174.0,53.0
2026-06-04,Earphones Basic,Electronics,Gulberg Campus,4,373.11,1492.44,1417.818,164.0,51.0
2026-06-30,Energy Drink,Beverages,DHA Campus,2,152.69,305.38,284.0034,162.0,32.0
2026-06-08,Earphones Basic,Electronics,Gulberg Campus,5,341.19,1705.95,1620.6525,164.0,51.0
2026-06-06,Energy Drink,Beverages,Gulberg Campus,1,145.65,145.65,138.3675,162.0,32.0
2026-06-10,Usb Flash Drive 32Gb,Electronics,Model Town Campus,4,927.05,3708.2,3485.7079999999996,,
2026-06-03,Energy Drink,Beverages,Gulberg Campus,7,159.08,1113.5600000000002,1057.882,162.0,32.0
2026-06-24,Usb Flash Drive 32Gb,Electronics,Model Town Campus,10,948.93,9489.3,8919.942,,
2026-06-07,Gel Pen Pack,Stationery,DHA Campus,1,80.57545454545455,80.57545454545455,74.93517272727273,124.0,23.0
2026-06-24,Cold Coffee,Beverages,Gulberg Campus,6,119.4,716.4000000000001,680.58,174.0,53.0
2026-06-12,Mineral Water 500Ml,Beverages,DHA Campus,9,44.14,397.26,369.4518,,
2026-06-06,Potato Chips,Snacks,Gulberg Campus,4,53.61,214.44,203.718,174.0,21.0
2026-06-07,Earphones Basic,Electronics,Gulberg Campus,7,343.9,2407.2999999999997,2286.9349999999995,164.0,51.0
2026-06-29,Earphones Basic,Electronics,Gulberg Campus,7,356.22,2493.54,2368.863,164.0,51.0
2026-06-27,Earphones Basic,Electronics,DHA Campus,5,333.71,1668.55,1551.7514999999999,164.0,51.0
2026-06-10,Energy Drink,Beverages,Model Town Campus,1,161.12,161.12,151.4528,162.0,32.0
2026-06-18,Gel Pen Pack,Stationery,DHA Campus,9,81.0,729.0,677.9699999999999,124.0,23.0
2026-06-30,Notebook A4,Stationery,Gulberg Campus,5,156.75,783.75,744.5625,43.0,34.0
2026-06-29,Highlighter Set,Stationery,Model Town Campus,1,236.18,236.18,222.0092,97.0,41.0
2026-06-06,Samosa,Snacks,Model Town Campus,4,40.75,163.0,153.22,157.0,32.0
2026-06-05,Highlighter Set,Stationery,Gulberg Campus,1,227.14,227.14,215.783,97.0,41.0
2026-06-18,Potato Chips,Snacks,Gulberg Campus,10,48.65,486.5,462.17499999999995,174.0,21.0
2026-06-18,Cold Coffee,Beverages,DHA Campus,1,115.32,115.32,107.24759999999999,174.0,53.0
2026-06-14,Usb Flash Drive 32Gb,Electronics,Model Town Campus,1,936.4,936.4,880.2159999999999,,
2026-06-21,Mineral Water 500Ml,Beverages,Model Town Campus,3,45.5354347826087,136.6063043478261,128.40992608695652,,
2026-06-12,Energy Drink,Beverages,Model Town Campus,9,153.3,1379.7,1296.918,162.0,32.0
2026-06-14,Notebook A4,Stationery,Model Town Campus,11,156.11,1717.21,1614.1774,43.0,34.0
2026-06-20,Notebook A4,Stationery,Gulberg Campus,2,153.73,307.46,292.087,43.0,34.0
2026-06-14,Samosa,Snacks,Model Town Campus,2,38.86,77.72,73.0568,157.0,32.0
2026-06-28,Earphones Basic,Electronics,DHA Campus,5,369.58,1847.8999999999999,1718.5469999999998,164.0,51.0
2026-06-13,Earphones Basic,Electronics,Model Town Campus,9,366.36,3297.2400000000002,3099.4056,164.0,51.0
2026-06-10,Mineral Water 500Ml,Beverages,DHA Campus,5,43.22,216.1,200.97299999999998,,
2026-06-13,Earphones Basic,Electronics,Gulberg Campus,8,335.81,2686.48,2552.156,164.0,51.0
2026-06-20,Energy Drink,Beverages,DHA Campus,3,158.85,476.54999999999995,443.1914999999999,162.0,32.0
2026-06-08,Chicken Patty,Snacks,Model Town Campus,6,62.43,374.58,352.10519999999997,165.0,35.0
2026-06-14,Cold Coffee,Beverages,DHA Campus,7,114.71,802.9699999999999,746.7620999999999,174.0,53.0
2026-06-28,Mineral Water 500Ml,Beverages,Gulberg Campus,10,45.22,452.2,429.59,,
2026-06-19,Highlighter Set,Stationery,DHA Campus,10,231.57,2315.7,2153.6009999999997,97.0,41.0
2026-06-11,Earphones Basic,Electronics,DHA Campus,5,366.65,1833.25,1704.9225,164.0,51.0
2026-06-11,Samosa,Snacks,Gulberg Campus,1,40.38,40.38,38.361,157.0,32.0
2026-06-20,Mineral Water 500Ml,Beverages,Model Town Campus,6,46.91,281.46,264.57239999999996,,
2026-06-01,Potato Chips,Snacks,Model Town Campus,3,53.09,159.27,149.7138,174.0,21.0
2026-06-09,Energy Drink,Beverages,DHA Campus,6,143.51,861.06,800.7857999999999,162.0,32.0
2026-06-22,Mineral Water 500Ml,Beverages,Gulberg Campus,6,47.15,282.9,268.75499999999994,,
2026-06-21,Gel Pen Pack,Stationery,Model Town Campus,10,81.71,817.0999999999999,768.0739999999998,124.0,23.0
2026-06-26,Gel Pen Pack,Stationery,Gulberg Campus,4,85.82,343.28,326.116,124.0,23.0
2026-06-02,Energy Drink,Beverages,DHA Campus,9,157.56,1418.04,1318.7771999999998,162.0,32.0
2026-06-27,Cold Coffee,Beverages,Model Town Campus,2,127.93,255.86,240.5084,174.0,53.0
2026-06-11,Cold Coffee,Beverages,Model Town Campus,2,118.07,236.14,221.97159999999997,174.0,53.0
2026-06-16,Potato Chips,Snacks,DHA Campus,5,52.42,262.1,243.75300000000001,174.0,21.0
2026-06-23,Mineral Water 500Ml,Beverages,Model Town Campus,10,45.5354347826087,455.35434782608695,428.0330869565217,,
2026-06-04,Energy Drink,Beverages,Gulberg Campus,6,152.4159375,914.495625,868.7708437499999,162.0,32.0
2026-06-20,Cold Coffee,Beverages,DHA Campus,8,125.28,1002.24,932.0831999999999,174.0,53.0
2026-06-06,Earphones Basic,Electronics,Model Town Campus,2,377.83,755.66,710.3204,164.0,51.0
2026-06-17,Chicken Patty,Snacks,Gulberg Campus,11,58.08,638.88,606.9359999999999,165.0,35.0
2026-06-01,Gel Pen Pack,Stationery,Gulberg Campus,7,77.77,544.39,517.1705,124.0,23.0
2026-06-05,Samosa,Snacks,DHA Campus,11,38.97,428.66999999999996,398.66309999999993,157.0,32.0
2026-06-05,Notebook A4,Stationery,Model Town Campus,2,154.85,309.7,291.118,43.0,34.0
2026-06-23,Mineral Water 500Ml,Beverages,Gulberg Campus,11,44.77,492.47,467.8465,,
2026-06-11,Potato Chips,Snacks,Model Town Campus,10,51.93,519.3,488.14199999999994,174.0,21.0
2026-06-06,Highlighter Set,Stationery,DHA Campus,10,237.09,2370.9,2204.937,97.0,41.0
2026-06-13,Usb Flash Drive 32Gb,Electronics,DHA Campus,2,959.35,1918.7,1784.3909999999998,,
2026-06-29,Earphones Basic,Electronics,DHA Campus,4,334.84,1339.36,1245.6047999999998,164.0,51.0
2026-06-13,Samosa,Snacks,Model Town Campus,3,42.04,126.12,118.55279999999999,157.0,32.0
2026-06-09,Cold Coffee,Beverages,DHA Campus,6,117.9,707.4000000000001,657.8820000000001,174.0,53.0
2026-06-07,Usb Flash Drive 32Gb,Electronics,Gulberg Campus,9,966.51,8698.59,8263.6605,,
2026-06-20,Potato Chips,Snacks,DHA Campus,6,51.28,307.68,286.1424,174.0,21.0
2026-06-21,Energy Drink,Beverages,DHA Campus,3,145.7,437.09999999999997,406.50299999999993,162.0,32.0
2026-06-01,Cold Coffee,Beverages,Model Town Campus,9,129.06,1161.54,1091.8475999999998,174.0,53.0
2026-06-24,Energy Drink,Beverages,Gulberg Campus,9,159.34,1434.06,1362.357,162.0,32.0
2026-06-25,Earphones Basic,Electronics,Model Town Campus,1,334.16,334.16,314.1104,164.0,51.0
2026-06-18,Chicken Patty,Snacks,Gulberg Campus,1,59.16,59.16,56.20199999999999,165.0,35.0
2026-06-14,Mineral Water 500Ml,Beverages,Model Town Campus,5,48.45,242.25,227.71499999999997,,
2026-06-24,Usb Flash Drive 32Gb,Electronics,Model Town Campus,8,953.33,7626.64,7169.0416,,
2026-06-28,Energy Drink,Beverages,DHA Campus,7,144.58,1012.0600000000001,941.2158,162.0,32.0
2026-06-16,Earphones Basic,Electronics,DHA Campus,6,360.59,2163.54,2012.0921999999998,164.0,51.0
2026-06-21,Samosa,Snacks,DHA Campus,8,42.21,337.68,314.0424,157.0,32.0
2026-06-25,Potato Chips,Snacks,Gulberg Campus,8,53.34,426.72,405.384,174.0,21.0
2026-06-14,Cold Coffee,Beverages,Gulberg Campus,10,128.83,1288.3000000000002,1223.8850000000002,174.0,53.0
2026-06-02,Gel Pen Pack,Stationery,Gulberg Campus,8,79.71,637.68,605.7959999999999,124.0,23.0
2026-06-10,Cold Coffee,Beverages,Gulberg Campus,10,119.55,1195.5,1135.725,174.0,53.0
2026-06-10,Cold Coffee,Beverages,Gulberg Campus,4,116.74,466.96,443.61199999999997,174.0,53.0
2026-06-11,Earphones Basic,Electronics,DHA Campus,7,337.88,2365.16,2199.5987999999998,164.0,51.0
2026-06-05,Usb Flash Drive 32Gb,Electronics,Model Town Campus,10,914.91,9149.1,8600.154,,
2026-06-30,Energy Drink,Beverages,Model Town Campus,8,146.99,1175.92,1105.3648,162.0,32.0
2026-06-22,Chicken Patty,Snacks,Model Town Campus,3,62.19,186.57,175.37579999999997,165.0,35.0
2026-06-07,Samosa,Snacks,Gulberg Campus,1,40.82,40.82,38.778999999999996,157.0,32.0
2026-06-24,Notebook A4,Stationery,DHA Campus,5,154.27,771.35,717.3555,43.0,34.0
2026-06-05,Mineral Water 500Ml,Beverages,DHA Campus,8,42.97,343.76,319.6968,,
2026-06-19,Earphones Basic,Electronics,DHA Campus,7,355.78,2490.46,2316.1277999999998,164.0,51.0
2026-06-04,Samosa,Snacks,Gulberg Campus,9,38.55,346.95,329.60249999999996,157.0,32.0
2026-06-13,Chicken Patty,Snacks,Model Town Campus,10,62.78,627.8,590.132,165.0,35.0
2026-06-07,Chicken Patty,Snacks,Gulberg Campus,6,64.64,387.84000000000003,368.44800000000004,165.0,35.0
2026-06-23,Highlighter Set,Stationery,DHA Campus,6,224.34,1346.04,1251.8172,97.0,41.0
2026-06-23,Earphones Basic,Electronics,DHA Campus,4,355.90979591836737,1423.6391836734695,1323.9844408163265,164.0,51.0
2026-06-30,Potato Chips,Snacks,Model Town Campus,7,50.563170731707324,353.9421951219513,332.70566341463416,174.0,21.0
2026-06-19,Mineral Water 500Ml,Beverages,Gulberg Campus,2,47.12,94.24,89.52799999999999,,
2026-06-25,Highlighter Set,Stationery,DHA Campus,6,233.61,1401.66,1303.5438,97.0,41.0
2026-06-29,Notebook A4,Stationery,Gulberg Campus,8,153.54,1228.32,1166.904,43.0,34.0
2026-06-20,Energy Drink,Beverages,Gulberg Campus,6,161.51,969.06,920.6069999999999,162.0,32.0
2026-06-04,Potato Chips,Snacks,DHA Campus,9,52.82,475.38,442.10339999999997,174.0,21.0
2026-06-02,Samosa,Snacks,Model Town Campus,8,41.93,335.44,315.3136,157.0,32.0
2026-06-24,Gel Pen Pack,Stationery,Model Town Campus,9,78.66,707.9399999999999,665.4635999999999,124.0,23.0
2026-06-26,Mineral Water 500Ml,Beverages,Gulberg Campus,7,48.28,337.96000000000004,321.062,,
2026-06-07,Chicken Patty,Snacks,DHA Campus,3,63.96,191.88,178.4484,165.0,35.0
2026-06-28,Cold Coffee,Beverages,Model Town Campus,10,128.26,1282.6,1205.6439999999998,174.0,53.0
2026-06-18,Usb Flash Drive 32Gb,Electronics,DHA Campus,5,919.2,4596.0,4274.28,,
2026-06-30,Energy Drink,Beverages,DHA Campus,2,157.03,314.06,292.07579999999996,162.0,32.0
2026-06-10,Cold Coffee,Beverages,Gulberg Campus,7,121.21442857142857,848.501,806.0759499999999,174.0,53.0
2026-06-22,Earphones Basic,Electronics,Model Town Campus,8,352.48,2819.84,2650.6496,164.0,51.0
2026-06-29,Usb Flash Drive 32Gb,Electronics,Gulberg Campus,2,927.93,1855.86,1763.0669999999998,,
2026-06-08,Energy Drink,Beverages,Model Town Campus,1,143.97,143.97,135.3318,162.0,32.0
2026-06-12,Cold Coffee,Beverages,Model Town Campus,9,127.22,1144.98,1076.2812,174.0,53.0
2026-06-12,Cold Coffee,Beverages,DHA Campus,4,122.95,491.8,457.37399999999997,174.0,53.0
2026-06-26,Notebook A4,Stationery,DHA Campus,6,146.5,879.0,817.4699999999999,43.0,34.0
2026-06-05,Potato Chips,Snacks,Gulberg Campus,11,50.563170731707324,556.1948780487805,528.3851341463414,174.0,21.0
2026-06-25,Mineral Water 500Ml,Beverages,DHA Campus,8,46.13,369.04,343.2072,,
2026-06-04,Notebook A4,Stationery,DHA Campus,6,152.46,914.76,850.7267999999999,43.0,34.0
2026-06-02,Gel Pen Pack,Stationery,DHA Campus,1,76.16,76.16,70.82879999999999,124.0,23.0
2026-06-16,Energy Drink,Beverages,DHA Campus,3,147.32,441.96,411.02279999999996,162.0,32.0
2026-06-09,Cold Coffee,Beverages,Model Town Campus,5,122.15,610.75,574.105,174.0,53.0
2026-06-19,Samosa,Snacks,DHA Campus,8,41.05,328.4,305.412,157.0,32.0
2026-06-01,Gel Pen Pack,Stationery,DHA Campus,9,79.03,711.27,661.4811,124.0,23.0
2026-06-08,Usb Flash Drive 32Gb,Electronics,Model Town Campus,10,941.67,9416.699999999999,8851.697999999999,,
2026-06-26,Cold Coffee,Beverages,Gulberg Campus,8,114.42,915.36,869.592,174.0,53.0
2026-06-07,Mineral Water 500Ml,Beverages,Model Town Campus,11,45.29,498.19,468.29859999999996,,
2026-06-28,Earphones Basic,Electronics,Gulberg Campus,6,338.73,2032.38,1930.761,164.0,51.0
2026-06-16,Cold Coffee,Beverages,Gulberg Campus,8,114.35,914.8,869.06,174.0,53.0
2026-06-01,Highlighter Set,Stationery,Gulberg Campus,5,226.66,1133.3,1076.635,97.0,41.0
2026-06-29,Energy Drink,Beverages,Model Town Campus,2,150.23,300.46,282.4324,162.0,32.0
2026-06-10,Mineral Water 500Ml,Beverages,Model Town Campus,8,48.22,385.76,362.6144,,
2026-06-12,Notebook A4,Stationery,Model Town Campus,10,161.5,1615.0,1518.1,43.0,34.0
2026-06-11,Samosa,Snacks,Gulberg Campus,4,40.17,160.68,152.646,157.0,32.0
2026-06-07,Energy Drink,Beverages,DHA Campus,5,152.3,761.5,708.1949999999999,162.0,32.0
2026-06-08,Earphones Basic,Electronics,Model Town Campus,11,345.94,3805.34,3577.0196,164.0,51.0
2026-06-13,Usb Flash Drive 32Gb,Electronics,Gulberg Campus,8,898.79,7190.32,6830.803999999999,,
2026-06-01,Usb Flash Drive 32Gb,Electronics,DHA Campus,2,939.47,1878.94,1747.4142,,
2026-06-16,Samosa,Snacks,Model Town Campus,3,39.43,118.28999999999999,111.19259999999998,157.0,32.0
2026-06-16,Cold Coffee,Beverages,Model Town Campus,11,117.32,1290.52,1213.0888,174.0,53.0
2026-06-13,Samosa,Snacks,DHA Campus,3,41.03,123.09,114.4737,157.0,32.0
2026-06-27,Highlighter Set,Stationery,DHA Campus,6,231.3,1387.8000000000002,1290.654,97.0,41.0
2026-06-24,Gel Pen Pack,Stationery,Model Town Campus,2,80.57545454545455,161.1509090909091,151.48185454545455,124.0,23.0
2026-06-01,Notebook A4,Stationery,Gulberg Campus,6,142.52,855.1200000000001,812.364,43.0,34.0
2026-06-09,Samosa,Snacks,Model Town Campus,6,41.07,246.42000000000002,231.6348,157.0,32.0
2026-06-02,Usb Flash Drive 32Gb,Electronics,Model Town Campus,2,945.69,1891.38,1777.8972,,
2026-06-14,Highlighter Set,Stationery,DHA Campus,6,219.99,1319.94,1227.5442,97.0,41.0
2026-06-17,Notebook A4,Stationery,DHA Campus,2,149.29,298.58,277.6794,43.0,34.0
2026-06-04,Cold Coffee,Beverages,Gulberg Campus,7,127.98,895.86,851.067,174.0,53.0
2026-06-29,Energy Drink,Beverages,Gulberg Campus,11,154.17,1695.87,1611.0765,162.0,32.0
2026-06-13,Samosa,Snacks,Model Town Campus,9,39.95,359.55,337.977,157.0,32.0
2026-06-26,Notebook A4,Stationery,DHA Campus,2,150.47,300.94,279.8742,43.0,34.0
2026-06-09,Samosa,Snacks,Gulberg Campus,2,40.52132075471698,81.04264150943396,76.99050943396226,157.0,32.0
2026-06-03,Cold Coffee,Beverages,Gulberg Campus,3,121.37,364.11,345.9045,174.0,53.0
2026-06-11,Energy Drink,Beverages,DHA Campus,5,149.29,746.4499999999999,694.1984999999999,162.0,32.0
2026-06-29,Chicken Patty,Snacks,Model Town Campus,9,58.92,530.28,498.4632,165.0,35.0
2026-06-15,Samosa,Snacks,DHA Campus,6,42.31,253.86,236.0898,157.0,32.0
2026-06-01,Chicken Patty,Snacks,Gulberg Campus,11,63.08,693.88,659.1859999999999,165.0,35.0
2026-06-18,Potato Chips,Snacks,Model Town Campus,11,53.49,588.39,553.0866,174.0,21.0
2026-06-14,Potato Chips,Snacks,Model Town Campus,8,50.06,400.48,376.4512,174.0,21.0
2026-06-14,Earphones Basic,Electronics,DHA Campus,1,361.05,361.05,335.7765,164.0,51.0
2026-06-11,Chicken Patty,Snacks,DHA Campus,4,59.9,239.6,222.82799999999997,165.0,35.0
2026-06-24,Earphones Basic,Electronics,DHA Campus,5,377.31,1886.55,1754.4914999999999,164.0,51.0
2026-06-30,Mineral Water 500Ml,Beverages,Model Town Campus,2,45.61,91.22,85.7468,,
2026-06-19,Potato Chips,Snacks,Gulberg Campus,1,47.55,47.55,45.17249999999999,174.0,21.0
2026-06-05,Gel Pen Pack,Stationery,Model Town Campus,3,79.63,238.89,224.55659999999997,124.0,23.0
2026-06-30,Potato Chips,Snacks,Model Town Campus,10,51.32,513.2,482.408,174.0,21.0
2026-06-19,Energy Drink,Beverages,DHA Campus,3,150.24,450.72,419.1696,162.0,32.0
2026-06-03,Chicken Patty,Snacks,Model Town Campus,10,57.9,579.0,544.26,165.0,35.0
2026-06-19,Notebook A4,Stationery,Model Town Campus,6,153.94,923.64,868.2216,43.0,34.0
2026-06-23,Highlighter Set,Stationery,Model Town Campus,11,236.43,2600.73,2444.6862,97.0,41.0
2026-06-06,Mineral Water 500Ml,Beverages,Model Town Campus,2,45.59,91.18,85.7092,,
2026-06-22,Earphones Basic,Electronics,Model Town Campus,5,367.93,1839.65,1729.271,164.0,51.0
2026-06-03,Samosa,Snacks,Gulberg Campus,7,39.62,277.34,263.47299999999996,157.0,32.0
2026-06-09,Potato Chips,Snacks,DHA Campus,5,49.27,246.35000000000002,229.1055,174.0,21.0
2026-06-28,Highlighter Set,Stationery,Gulberg Campus,2,216.79,433.58,411.90099999999995,97.0,41.0
2026-06-07,Samosa,Snacks,Gulberg Campus,9,38.91,350.18999999999994,332.68049999999994,157.0,32.0
2026-06-15,Mineral Water 500Ml,Beverages,Gulberg Campus,1,47.65,47.65,45.2675,,
2026-06-05,Highlighter Set,Stationery,DHA Campus,1,223.85644444444446,223.85644444444446,208.18649333333335,97.0,41.0
2026-06-28,Cold Coffee,Beverages,Gulberg Campus,1,120.32,120.32,114.30399999999999,174.0,53.0
2026-06-21,Usb Flash Drive 32Gb,Electronics,DHA Campus,6,894.38,5366.28,4990.640399999999,,
2026-06-29,Potato Chips,Snacks,Model Town Campus,5,48.1,240.5,226.07,174.0,21.0
2026-06-22,Chicken Patty,Snacks,DHA Campus,1,62.83,62.83,58.43189999999999,165.0,35.0
2026-06-04,Notebook A4,Stationery,DHA Campus,11,148.82,1637.02,1522.4286,43.0,34.0
2026-06-18,Cold Coffee,Beverages,Gulberg Campus,11,114.61,1260.71,1197.6745,174.0,53.0
2026-06-17,Potato Chips,Snacks,DHA Campus,6,50.43,302.58,281.39939999999996,174.0,21.0
2026-06-16,Mineral Water 500Ml,Beverages,Gulberg Campus,4,44.09,176.36,167.542,,
2026-06-21,Energy Drink,Beverages,Model Town Campus,8,161.82,1294.56,1216.8863999999999,162.0,32.0
2026-06-12,Gel Pen Pack,Stationery,Gulberg Campus,7,76.95,538.65,511.7175,124.0,23.0
2026-06-16,Potato Chips,Snacks,Gulberg Campus,9,48.34,435.06000000000006,413.307,174.0,21.0
2026-06-10,Mineral Water 500Ml,Beverages,DHA Campus,5,45.52,227.60000000000002,211.668,,
2026-06-25,Earphones Basic,Electronics,Model Town Campus,8,346.67,2773.36,2606.9584,164.0,51.0
2026-06-11,Earphones Basic,Electronics,Gulberg Campus,3,369.84,1109.52,1054.0439999999999,164.0,51.0
2026-06-22,Gel Pen Pack,Stationery,DHA Campus,4,84.26,337.04,313.4472,124.0,23.0
2026-06-19,Chicken Patty,Snacks,Gulberg Campus,10,61.74,617.4,586.53,165.0,35.0
2026-06-26,Notebook A4,Stationery,Model Town Campus,4,146.05,584.2,549.148,43.0,34.0
2026-06-21,Cold Coffee,Beverages,Gulberg Campus,6,120.42,722.52,686.394,174.0,53.0
2026-06-07,Gel Pen Pack,Stationery,DHA Campus,7,83.5,584.5,543.5849999999999,124.0,23.0
2026-06-30,Highlighter Set,Stationery,DHA Campus,7,209.97,1469.79,1366.9046999999998,97.0,41.0
2026-06-13,Earphones Basic,Electronics,Gulberg Campus,6,364.58,2187.48,2078.1059999999998,164.0,51.0
2026-06-16,Mineral Water 500Ml,Beverages,Model Town Campus,11,45.11,496.21,466.43739999999997,,
2026-06-30,Usb Flash Drive 32Gb,Electronics,Gulberg Campus,10,859.61,8596.1,8166.295,,
2026-06-19,Earphones Basic,Electronics,DHA Campus,3,349.73,1049.19,975.7467,164.0,51.0
2026-06-09,Gel Pen Pack,Stationery,DHA Campus,10,84.56,845.6,786.408,124.0,23.0
2026-06-25,Potato Chips,Snacks,Gulberg Campus,11,51.61,567.71,539.3245000000001,174.0,21.0
2026-06-20,Notebook A4,Stationery,Gulberg Campus,11,159.38,1753.1799999999998,1665.5209999999997,43.0,34.0
2026-06-14,Usb Flash Drive 32Gb,Electronics,DHA Campus,3,922.3782692307692,2767.1348076923077,2573.435371153846,,
2026-06-18,Notebook A4,Stationery,Model Town Campus,10,146.87,1468.7,1380.578,43.0,34.0
2026-06-12,Cold Coffee,Beverages,Gulberg Campus,7,122.52,857.64,814.7579999999999,174.0,53.0
2026-06-05,Cold Coffee,Beverages,Gulberg Campus,7,121.76,852.32,809.7040000000001,174.0,53.0
2026-06-25,Highlighter Set,Stationery,Model Town Campus,1,217.86,217.86,204.7884,97.0,41.0
2026-06-28,Cold Coffee,Beverages,Model Town Campus,9,118.28,1064.52,1000.6487999999999,174.0,53.0
2026-06-09,Highlighter Set,Stationery,Model Town Campus,10,209.15,2091.5,1966.01,97.0,41.0
2026-06-05,Usb Flash Drive 32Gb,Electronics,Gulberg Campus,8,910.03,7280.24,6916.227999999999,,
2026-06-24,Gel Pen Pack,Stationery,Model Town Campus,9,83.74,753.66,708.4404,124.0,23.0
2026-06-22,Usb Flash Drive 32Gb,Electronics,DHA Campus,1,917.41,917.41,853.1913,,
2026-06-10,Mineral Water 500Ml,Beverages,Model Town Campus,5,43.45,217.25,204.21499999999997,,
2026-06-25,Gel Pen Pack,Stationery,DHA Campus,7,80.44,563.0799999999999,523.6643999999999,124.0,23.0
2026-06-06,Energy Drink,Beverages,DHA Campus,5,160.06,800.3,744.2789999999999,162.0,32.0
2026-06-18,Chicken Patty,Snacks,Gulberg Campus,5,58.32,291.6,277.02,165.0,35.0
2026-06-23,Potato Chips,Snacks,Gulberg Campus,8,51.29,410.32,389.804,174.0,21.0
2026-06-03,Chicken Patty,Snacks,Gulberg Campus,5,61.1580487804878,305.790243902439,290.500731707317,165.0,35.0
2026-06-18,Earphones Basic,Electronics,Model Town Campus,5,353.47,1767.3500000000001,1661.309,164.0,51.0
2026-06-01,Samosa,Snacks,Model Town Campus,4,38.74,154.96,145.6624,157.0,32.0
2026-06-01,Gel Pen Pack,Stationery,Gulberg Campus,7,76.14,532.98,506.331,124.0,23.0
2026-06-12,Cold Coffee,Beverages,DHA Campus,11,115.83,1274.1299999999999,1184.9408999999998,174.0,53.0
2026-06-26,Usb Flash Drive 32Gb,Electronics,Gulberg Campus,10,886.68,8866.8,8423.46,,
2026-06-28,Mineral Water 500Ml,Beverages,DHA Campus,11,46.24,508.64000000000004,473.03520000000003,,
2026-06-20,Usb Flash Drive 32Gb,Electronics,Gulberg Campus,7,861.04,6027.28,5725.915999999999,,
2026-06-06,Notebook A4,Stationery,Gulberg Campus,8,159.09,1272.72,1209.084,43.0,34.0
2026-06-06,Notebook A4,Stationery,Gulberg Campus,11,146.18,1607.98,1527.581,43.0,34.0
2026-06-24,Samosa,Snacks,DHA Campus,8,42.54,340.32,316.4976,157.0,32.0
2026-06-22,Usb Flash Drive 32Gb,Electronics,Model Town Campus,6,893.94,5363.64,5041.8216,,
2026-06-26,Cold Coffee,Beverages,Model Town Campus,7,129.27,904.8900000000001,850.5966000000001,174.0,53.0
2026-06-08,Mineral Water 500Ml,Beverages,Gulberg Campus,5,46.1,230.5,218.975,,
2026-06-01,Notebook A4,Stationery,Model Town Campus,11,150.3,1653.3000000000002,1554.102,43.0,34.0
2026-06-12,Samosa,Snacks,DHA Campus,5,38.48,192.39999999999998,178.93199999999996,157.0,32.0
2026-06-10,Samosa,Snacks,Gulberg Campus,4,38.24,152.96,145.312,157.0,32.0
2026-06-13,Gel Pen Pack,Stationery,Model Town Campus,8,77.22,617.76,580.6944,124.0,23.0
2026-06-17,Highlighter Set,Stationery,Gulberg Campus,4,222.13,888.52,844.0939999999999,97.0,41.0
2026-06-15,Energy Drink,Beverages,Gulberg Campus,5,143.01,715.05,679.2974999999999,162.0,32.0
2026-06-02,Earphones Basic,Electronics,DHA Campus,4,359.7,1438.8,1338.0839999999998,164.0,51.0
2026-06-09,Highlighter Set,Stationery,Gulberg Campus,3,221.55,664.6500000000001,631.4175,97.0,41.0
2026-06-26,Samosa,Snacks,Model Town Campus,2,42.51,85.02,79.91879999999999,157.0,32.0
2026-06-10,Mineral Water 500Ml,Beverages,Model Town Campus,7,43.03,301.21000000000004,283.1374,,
2026-06-06,Energy Drink,Beverages,DHA Campus,9,146.58,1319.22,1226.8745999999999,162.0,32.0
2026-06-11,Mineral Water 500Ml,Beverages,DHA Campus,2,46.1,92.2,85.746,,
2026-06-26,Cold Coffee,Beverages,DHA Campus,1,122.68,122.68,114.0924,174.0,53.0
2026-06-30,Samosa,Snacks,DHA Campus,2,40.19,80.38,74.75339999999998,157.0,32.0
2026-06-20,Highlighter Set,Stationery,Gulberg Campus,8,228.93,1831.44,1739.868,97.0,41.0
2026-06-24,Samosa,Snacks,DHA Campus,3,40.07,120.21000000000001,111.7953,157.0,32.0
2026-06-22,Highlighter Set,Stationery,Gulberg Campus,1,215.64,215.64,204.85799999999998,97.0,41.0
2026-06-07,Potato Chips,Snacks,DHA Campus,1,47.78,47.78,44.4354,174.0,21.0
2026-06-03,Energy Drink,Beverages,DHA Campus,1,156.37,156.37,145.42409999999998,162.0,32.0
2026-06-23,Usb Flash Drive 32Gb,Electronics,DHA Campus,3,936.19,2808.57,2611.9701,,
2026-06-11,Usb Flash Drive 32Gb,Electronics,Model Town Campus,7,922.92,6460.44,6072.8135999999995,,
2026-06-25,Earphones Basic,Electronics,Model Town Campus,8,355.35,2842.8,2672.232,164.0,51.0
2026-06-24,Cold Coffee,Beverages,Gulberg Campus,8,123.48,987.84,938.448,174.0,53.0
2026-06-14,Energy Drink,Beverages,Model Town Campus,5,161.86,809.3000000000001,760.7420000000001,162.0,32.0
2026-06-02,Highlighter Set,Stationery,Model Town Campus,9,217.47,1957.23,1839.7962,97.0,41.0
2026-06-16,Mineral Water 500Ml,Beverages,DHA Campus,5,46.49,232.45000000000002,216.1785,,
2026-06-14,Notebook A4,Stationery,Gulberg Campus,1,147.96,147.96,140.562,43.0,34.0
2026-06-21,Cold Coffee,Beverages,DHA Campus,1,116.17,116.17,108.0381,174.0,53.0
2026-06-06,Notebook A4,Stationery,Gulberg Campus,9,149.31,1343.79,1276.6005,43.0,34.0
2026-06-29,Cold Coffee,Beverages,Gulberg Campus,3,118.25,354.75,337.0125,174.0,53.0
2026-06-28,Potato Chips,Snacks,Model Town Campus,11,52.85,581.35,546.4689999999999,174.0,21.0
2026-06-03,Energy Drink,Beverages,Gulberg Campus,8,147.86,1182.88,1123.736,162.0,32.0
2026-06-11,Energy Drink,Beverages,Model Town Campus,2,155.82,311.64,292.9416,162.0,32.0
2026-06-02,Earphones Basic,Electronics,Gulberg Campus,7,360.25,2521.75,2395.6625,164.0,51.0
2026-06-05,Potato Chips,Snacks,Gulberg Campus,10,50.563170731707324,505.6317073170732,480.35012195121953,174.0,21.0
2026-06-07,Usb Flash Drive 32Gb,Electronics,DHA Campus,3,921.92,2765.7599999999998,2572.1567999999997,,
2026-06-22,Earphones Basic,Electronics,Gulberg Campus,2,357.23,714.46,678.737,164.0,51.0
2026-06-15,Mineral Water 500Ml,Beverages,DHA Campus,10,44.98,449.79999999999995,418.3139999999999,,
2026-06-07,Cold Coffee,Beverages,DHA Campus,11,119.74,1317.1399999999999,1224.9401999999998,174.0,53.0
2026-06-02,Samosa,Snacks,Gulberg Campus,2,40.81,81.62,77.539,157.0,32.0
2026-06-27,Gel Pen Pack,Stationery,Model Town Campus,7,84.32,590.24,554.8256,124.0,23.0
2026-06-01,Potato Chips,Snacks,Gulberg Campus,2,50.01,100.02,95.01899999999999,174.0,21.0
2026-06-29,Usb Flash Drive 32Gb,Electronics,Gulberg Campus,4,873.96,3495.84,3321.048,,
2026-06-12,Samosa,Snacks,Model Town Campus,1,40.78,40.78,38.3332,157.0,32.0
2026-06-26,Cold Coffee,Beverages,Gulberg Campus,2,122.34,244.68,232.446,174.0,53.0
2026-06-19,Samosa,Snacks,Model Town Campus,10,40.78,407.8,383.332,157.0,32.0
2026-06-12,Energy Drink,Beverages,DHA Campus,9,148.73,1338.57,1244.8700999999999,162.0,32.0
2026-06-05,Earphones Basic,Electronics,Model Town Campus,3,359.39,1078.17,1013.4798,164.0,51.0
2026-06-09,Potato Chips,Snacks,Gulberg Campus,1,47.96,47.96,45.562,174.0,21.0
2026-06-30,Usb Flash Drive 32Gb,Electronics,Gulberg Campus,2,958.54,1917.08,1821.2259999999999,,
2026-06-17,Highlighter Set,Stationery,Gulberg Campus,1,236.16,236.16,224.35199999999998,97.0,41.0
2026-06-24,Earphones Basic,Electronics,DHA Campus,10,335.64,3356.3999999999996,3121.4519999999993,164.0,51.0
2026-06-28,Usb Flash Drive 32Gb,Electronics,Model Town Campus,10,916.51,9165.1,8615.194,,
2026-06-15,Chicken Patty,Snacks,DHA Campus,5,61.78,308.9,287.277,165.0,35.0
2026-06-19,Chicken Patty,Snacks,Model Town Campus,7,62.36,436.52,410.32879999999994,165.0,35.0
2026-06-20,Highlighter Set,Stationery,Gulberg Campus,8,212.2,1697.6,1612.7199999999998,97.0,41.0
2026-06-21,Gel Pen Pack,Stationery,DHA Campus,2,77.88,155.76,144.8568,124.0,23.0
2026-06-13,Highlighter Set,Stationery,DHA Campus,1,215.39,215.39,200.31269999999998,97.0,41.0
2026-06-04,Samosa,Snacks,Gulberg Campus,8,42.9,343.2,326.03999999999996,157.0,32.0
2026-06-11,Highlighter Set,Stationery,DHA Campus,2,209.76,419.52,390.1536,97.0,41.0
2026-06-26,Energy Drink,Beverages,Model Town Campus,6,157.42,944.52,887.8488,162.0,32.0
2026-06-08,Gel Pen Pack,Stationery,Model Town Campus,1,79.3,79.3,74.54199999999999,124.0,23.0
2026-06-26,Highlighter Set,Stationery,DHA Campus,5,223.85644444444446,1119.2822222222223,1040.9324666666666,97.0,41.0
2026-06-29,Potato Chips,Snacks,DHA Campus,11,51.38,565.1800000000001,525.6174,174.0,21.0
2026-06-11,Gel Pen Pack,Stationery,Model Town Campus,8,85.42,683.36,642.3584,124.0,23.0
2026-06-16,Gel Pen Pack,Stationery,DHA Campus,2,79.65,159.3,148.149,124.0,23.0
2026-06-15,Gel Pen Pack,Stationery,DHA Campus,1,76.14,76.14,70.8102,124.0,23.0
2026-06-10,Earphones Basic,Electronics,Gulberg Campus,10,375.69,3756.9,3569.055,164.0,51.0
2026-06-06,Usb Flash Drive 32Gb,Electronics,Model Town Campus,6,933.27,5599.62,5263.6428,,
2026-06-10,Notebook A4,Stationery,Gulberg Campus,5,144.34,721.7,685.615,43.0,34.0
2026-06-09,Samosa,Snacks,Model Town Campus,3,39.76,119.28,112.1232,157.0,32.0
2026-06-17,Mineral Water 500Ml,Beverages,Model Town Campus,9,45.44,408.96,384.4224,,
2026-06-03,Chicken Patty,Snacks,Model Town Campus,2,57.74,115.48,108.5512,165.0,35.0
2026-06-24,Earphones Basic,Electronics,Gulberg Campus,4,374.3,1497.2,1422.34,164.0,51.0
2026-06-01,Energy Drink,Beverages,DHA Campus,3,142.9,428.70000000000005,398.69100000000003,162.0,32.0
2026-06-13,Chicken Patty,Snacks,Gulberg Campus,2,60.66,121.32,115.25399999999999,165.0,35.0
2026-06-05,Samosa,Snacks,Gulberg Campus,1,39.32,39.32,37.354,157.0,32.0
2026-06-21,Samosa,Snacks,DHA Campus,10,43.15,431.5,401.29499999999996,157.0,32.0
2026-06-23,Earphones Basic,Electronics,DHA Campus,4,365.36,1461.44,1359.1392,164.0,51.0
2026-06-04,Notebook A4,Stationery,Model Town Campus,9,148.44,1335.96,1255.8024,43.0,34.0
2026-06-09,Chicken Patty,Snacks,Gulberg Campus,2,61.03,122.06,115.957,165.0,35.0
2026-06-29,Highlighter Set,Stationery,DHA Campus,1,223.17,223.17,207.54809999999998,97.0,41.0
2026-06-19,Cold Coffee,Beverages,Gulberg Campus,11,119.56,1315.16,1249.402,174.0,53.0
2026-06-18,Samosa,Snacks,Model Town Campus,8,40.52,324.16,304.7104,157.0,32.0
2026-06-30,Usb Flash Drive 32Gb,Electronics,Model Town Campus,11,894.77,9842.47,9251.921799999998,,
2026-06-28,Energy Drink,Beverages,DHA Campus,10,150.39,1503.8999999999999,1398.6269999999997,162.0,32.0
2026-06-21,Energy Drink,Beverages,Gulberg Campus,2,144.92,289.84,275.34799999999996,162.0,32.0
2026-06-10,Cold Coffee,Beverages,DHA Campus,10,125.91,1259.1,1170.9629999999997,174.0,53.0
2026-06-19,Gel Pen Pack,Stationery,DHA Campus,11,78.63,864.93,804.3848999999999,124.0,23.0
2026-06-11,Cold Coffee,Beverages,Gulberg Campus,9,122.55,1102.95,1047.8025,174.0,53.0
2026-06-30,Chicken Patty,Snacks,Gulberg Campus,4,63.59,254.36,241.642,165.0,35.0
2026-06-27,Notebook A4,Stationery,DHA Campus,7,156.85,1097.95,1021.0935,43.0,34.0
2026-06-28,Highlighter Set,Stationery,Model Town Campus,2,213.76,427.52,401.86879999999996,97.0,41.0
2026-06-11,Notebook A4,Stationery,DHA Campus,11,158.12,1739.3200000000002,1617.5676,43.0,34.0
2026-06-10,Potato Chips,Snacks,DHA Campus,6,52.14,312.84000000000003,290.94120000000004,174.0,21.0
