text,author,tags
Discipline is choosing what you want most over what you want now.,Amara Voss,discipline|focus|growth
Debugging is just being a detective in a crime movie where you are also the murderer.,Rehan Qureshi,humor|coding|debugging
"Small habits, repeated daily, quietly become identity.",Lina Marsh,habits|identity|growth
A good question is worth more than a fast answer.,Tomas Reyes,learning|curiosity
The market rewards patience far more often than it rewards prediction.,Priya Chandran,finance|patience
Code you can explain in one sentence is code you actually understand.,Rehan Qureshi,coding|clarity
Every dataset lies a little before you clean it.,Amara Voss,data|humor
"Freedom is not the absence of structure, it is structure you chose yourself.",Lina Marsh,freedom|discipline
"Teach it once, and you will finally understand it yourself.",Tomas Reyes,teaching|learning
Ambition without rest is just a slower way to quit.,Priya Chandran,growth|rest
The best time to fix the architecture was at the start. The second best time is now.,Rehan Qureshi,coding|architecture
"Confidence is a habit built from small, kept promises to yourself.",Amara Voss,discipline|confidence
"Maps do not just show places, they show what a city decided to remember.",Lina Marsh,curiosity|travel
A plan survives contact with reality only if you built in room to bend.,Tomas Reyes,planning|growth
Every expert was once a beginner who kept showing up.,Priya Chandran,learning|persistence
"If your average hides your outliers, your average is lying to you.",Amara Voss,data|statistics
Ask for the discount. The worst answer is the one you already have.,Rehan Qureshi,negotiation|humor
Momentum is a currency. Spend it on the hard thing first.,Lina Marsh,discipline|focus
Nobody remembers your first draft. They remember what you shipped.,Tomas Reyes,growth|action
The loudest opinions in the room are rarely the most tested ones.,Priya Chandran,wisdom|critical-thinking
